t,theta_history,theta_dot_history,theta_ddot_history,m_history,v_history
0,-1.5,,,0.0,0.0
1,-1.49500000001,,,-0.050000000000000044,0.025000000000000022
2,-1.490000025172042,,,-0.09940000000020009,0.049875100000199644
3,-1.485000092327304,,,-0.14820600050363897,0.07462562540162654
4,-1.4800002183715673,,,-0.1964239423451487,0.09925190161169177
5,-1.4750004202550024,,,-0.2440597072891286,0.12375425404257219
6,-1.4700007149819525,,,-0.2911191186213374,0.1481330081095794
7,-1.4650011196107149,,,-0.3376079417347631,0.17238848922951527
8,-1.4600016512533205,,,-0.38353188470962984,0.1965210228190141
9,-1.4550023270753114,,,-0.4288965988876,0.22053093429287138
10,-1.4500031642955158,,,-0.4737076794402303,0.24441854906235932
11,-1.4450041801858209,,,-0.5179706659317383,0.26818419253352915
12,-1.440005392070944,,,-0.5616910428761374,0.2918281901055002
13,-1.435006817328201,,,-0.604874240288795,0.3153508671687359
14,-1.430008473387274,,,-0.6475256342324711,0.33875254910330643
15,-1.4250103777299752,,,-0.6896505473578919,0.3620335612771389
16,-1.4200125478900103,,,-0.7312542494389125,0.38519422904425415
17,-1.4150150014527383,,,-0.7723419579023235,0.40823487774299033
18,-1.4100177560549307,,,-0.8129188383523551,0.4311558326942144
19,-1.4050208293845283,,,-0.8529900050899302,0.45395741919952043
20,-1.4000242391803952,,,-0.8925605216267215,0.4766399625394147
21,-1.3950280032320719,,,-0.9316354011940623,0.499203787971489
22,-1.3900321393795259,,,-0.9702196072467631,0.5216492207285808
23,-1.3850366655129003,,,-1.0083180539618861,0.5439765860169204
24,-1.3800415995722608,,,-1.0459356067325254,0.5661862090142672
25,-1.3750469595473402,,,-1.0830770826566454,0.5882784148680309
26,-1.3700527634772819,,,-1.1197472510210258,0.6102535286933831
27,-1.3650590294503804,,,-1.1559508337803612,0.632111875571355
28,-1.3600657756038208,,,-1.191692506031565,0.6538537805469228
29,-1.3550730201234158,,,-1.2269768964833259,0.6754795686270817
30,-1.3500807812433413,,,-1.261808587920961,0.6969895647789075
31,-1.34508907724587,,,-1.2961921176666185,0.7183840939276058
32,-1.3400979264611033,,,-1.3301319780348697,0.7396634809545497
33,-1.335107347266701,,,-1.3636326167837431,0.7608280506953053
34,-1.3301173580876096,,,-1.39669843756124,0.7818781279376458
35,-1.3251279773957885,,,-1.4293338003473797,0.8028140374195529
36,-1.3201392237099348,,,-1.4615430218918217,0.8236361038272079
37,-1.315151115595206,,,-1.4933303761471022,0.84434465179297
38,-1.3101636716629415,,,-1.5247000946975353,0.864940005893344
39,-1.3051769105703812,,,-1.5556563671838188,0.8854224906469355
40,-1.300190851020384,,,-1.5862033417233883,0.9057924305123958
41,-1.295205511761143,,,-1.6163451253265622,0.9260501498863549
42,-1.290220911585901,,,-1.6460857843085195,0.9461959731013435
43,-1.2852370693326614,,,-1.6754293446971524,0.9662302244237037
44,-1.280254003883901,,,-1.7043797926368343,0.9861532280514885
45,-1.275271734166278,,,-1.732941074788144,1.0059653081123512
46,-1.2702902791503408,,,-1.7611170987235882,1.025666788661423
47,-1.265309657850233,,,-1.7889117333193592,1.0452579936791797
48,-1.260329889323399,,,-1.8163288091431702,1.0647392470692987
49,-1.2553509926702866,,,-1.8433721188382064,1.0841108726565043
50,-1.2503729870340483,,,-1.8700454175032302,1.1033731941844032
51,-1.2453958916002417,,,-1.8963524230688789,1.1225265353133091
52,-1.240419725596527,,,-1.922296816670195,1.1415712196180567
53,-1.2354445082923649,,,-1.9478822430154237,1.1605075705858068
54,-1.2304702589987113,,,-1.9731123107511168,1.1793359116138389
55,-1.2254969970677116,,,-1.99799059282358,1.1980565660073361
56,-1.2205247418923928,,,-2.0225206268366986,1.2166698569771586
57,-1.2155535129063548,,,-2.0467059154061795,1.2351761076376067
58,-1.2105833295834603,,,-2.070549926510245,1.2535756410041758
59,-1.205614211437522,,,-2.094056093836812,1.2718687799913009
60,-1.2006461780219904,,,-2.117227817127194,1.2900558474100903
61,-1.1956792489296388,,,-2.1400684625163624,1.3081371659660515
62,-1.1907134437922475,,,-2.162581362869792,1.3261130582568064
63,-1.1857487822802864,,,-2.184769818116939,1.3439838467697978
64,-1.180785284102596,,,-2.206637095581375,1.361749853879987
65,-1.1758229690060686,,,-2.228186430307613,1.3794114018475407
66,-1.170861856775326,,,-2.2494210253846583,1.3969688128155109
67,-1.1659019672323974,,,-2.270344052266318,1.4144224088075035
68,-1.1609433202363957,,,-2.290958651088303,1.4317725117253406
69,-1.1559859356831925,,,-2.311267930982148,1.4490194433467123
70,-1.151029833505092,,,-2.3312749703859903,1.4661635253228205
71,-1.1460750336705026,,,-2.3509828173522322,1.4832050791760134
72,-1.1411215561836099,,,-2.37039448985212,1.5001444262974128
73,-1.1361694210840458,,,-2.3895129760772713,1.516981887944532
74,-1.1312186484465576,,,-2.4083412347381796,1.5337177852388857
75,-1.1262692583806757,,,-2.4268821953597293,1.5503524391635923
76,-1.1213212710303813,,,-2.4451387585737456,1.5668861705609676
77,-1.1163747065737706,,,-2.463113796408616,1.5833193001301105
78,-1.1114295852227205,,,-2.480810152576005,1.5996521484244812
79,-1.1064859272225513,,,-2.4982306427546996,1.6158850358494719
80,-1.1015437528516898,,,-2.515378054871604,1.632018282659969
81,-1.0966030824213295,,,-2.532255149379922,1.6480522089579088
82,-1.091663936275092,,,-2.548864659534549,1.6639871346898254
83,-1.0867263347886853,,,-2.5652092916647056,1.6798233796443909
84,-1.081790298369563,,,-2.581291725443832,1.6955612634499488
85,-1.0768558474565808,,,-2.597114614156785,1.7112011055720415
86,-1.0719230025196531,,,-2.6126805849643486,1.7267432253109278
87,-1.0669917840594083,,,-2.6279922391650983,1.742187941799097
88,-1.062062212606843,,,-2.643052152454635,1.7575355739987744
89,-1.0571343087229759,,,-2.657862875182226,1.7727864406994198
90,-1.0522080929984998,,,-2.6724269326048633,1.7879408605152212
91,-1.0472835860534335,,,-2.6867468251387847,1.80299915188258
92,-1.042360808536773,,,-2.7008250286084654,1.8179616330575927
93,-1.0374397811261407,,,-2.714663994493116,1.832828622113523
94,-1.0325205245274345,,,-2.7282661501707075,1.847600436938271
95,-1.0276030594744767,,,-2.741633899159549,1.8622773952318339
96,-1.022687406728661,,,-2.754769621357443,1.876859814503763
97,-1.0177735870785989,,,-2.7676756732784416,1.891348012070614
98,-1.0128616213397659,,,-2.780354388287229,1.9057423050533917
99,-1.007951530354146,,,-2.792808076831152,1.9200430103749884
100,-1.0030433349898769,,,-2.805039026669924,1.9342504447576196
101,-0.9981370561408925,,,-2.8170495031030223,1.9483649247202515
102,-0.9932327147265666,,,-2.82884174919481,1.9623867665760248
103,-0.9883303316913543,,,-2.8404179859973935,1.9763162864296737
104,-0.983429928004434,,,-2.8517804127712463,1.9901538001749395
105,-0.9785315246593475,,,-2.862931207203623,2.003899623491979
106,-0.9736351426736405,,,-2.8738725256247735,2.0175540718447706
107,-0.9687408030885019,,,-2.8846065032219985,2.0311174604785114
108,-0.9638485269684023,,,-2.8951352542515485,2.0445901044170154
109,-0.9589583354007325,,,-2.905460872248401,2.057972318460102
110,-0.9540702494954407,,,-2.915585430233932,2.071264417180986
111,-0.9491842903846696,,,-2.9255109809215014,2.0844667149236575
112,-0.9443004792223924,,,-2.9352395569199796,2.0975795258002634
113,-0.9394188371840487,,,-2.9447731709352274,2.1106031636884808
114,-0.9345393854661801,,,-2.954113815969556,2.12353794222889
115,-0.9296621452860642,,,-2.9632634655191836,2.13638417482234
116,-0.9247871378813488,,,-2.972224073769713,2.149142174627318
117,-0.9199143845096859,,,-2.980997575789643,2.1618122545573044
118,-0.9150439064483642,,,-2.9895858877219403,2.174394727278136
119,-0.9101757249939423,,,-2.9979909069736883,2.1868899052053576
120,-0.9053098614618802,,,-3.0062145124038304,2.1992981005015766
121,-0.9004463371861714,,,-3.01425856450903,2.2116196250738103
122,-0.8955851735189737,,,-3.0221249056076633,2.223854790570834
123,-0.8907263918302402,,,-3.029815360021966,2.236003908380523
124,-0.8858700135073493,,,-3.037331734258351,2.248067289627196
125,-0.8810160599547351,,,-3.0446758171859143,2.2600452451689534
126,-0.8761645525935163,,,-3.05184938021315,2.271938085595015
127,-0.8713155128611256,,,-3.058854177462889,2.283746121223054
128,-0.8664689622109383,,,-3.0656919459454826,2.2954696620965303
129,-0.8616249221119006,,,-3.0723644057302466,2.307109017982021
130,-0.8567834140481576,,,-3.078873260115182,2.3186644983665516
131,-0.8519444595186811,,,-3.085220195794993,2.3301364124549226
132,-0.8471080800368966,,,-3.091406883027417,2.3415250691670355
133,-0.8422742971303104,,,-3.097434975797881,2.352830777135219
134,-0.8374431323401361,,,-3.1033061119825085,2.3640538447015516
135,-0.8326146072209213,,,-3.109021913509486,2.3751945799151857
136,-0.827788743340173,,,-3.11458398651881,2.3862532905296687
137,-0.8229655622779843,,,-3.1199939215204253,2.397230284000263
138,-0.818145085626659,,,-3.125253293550781,2.4081258674812687
139,-0.8133273349903372,,,-3.130363662327806,2.418940347823341
140,-0.8085123319846205,,,-3.1353265724043347,2.4296740315708103
141,-0.8037000982361964,,,-3.1401435533199837,2.440327224959001
142,-0.7988906553824631,,,-3.144816119751508,2.450900233911551
143,-0.7940840250711534,,,-3.149345771661642,2.461393364037729
144,-0.7892802289599593,,,-3.1537339944464486,2.4718069206297533
145,-0.7844792887161556,,,-3.1579822590811832,2.4821412086601113
146,-0.7796812260162235,,,-3.162092022264695,2.492396532778879
147,-0.7748860625454742,,,-3.166064726562372,2.5025731973110386
148,-0.7700938199976726,,,-3.169901800547658,2.5126715062538003
149,-0.7653045200746597,,,-3.1736046589421343,2.5226917632739223
150,-0.7605181844859763,,,-3.1771747027542063,2.532634271705032
151,-0.7557348349484858,,,-3.1806133194163837,2.5424993345449503
152,-0.7509544931859966,,,-3.1839218829211897,2.5522872544530117
153,-0.746177180928885,,,-3.187101753955698,2.5619983337473915
154,-0.7414029199137173,,,-3.1901542800347187,2.571632874402431
155,-0.7366317318828729,,,-3.1930807956326457,2.5811911780459647
156,-0.7318636385841659,,,-3.195882622313977,2.5906735459566486
157,-0.7270986617704676,,,-3.198561068862521,2.600080279061292
158,-0.7223368231993283,,,-3.201117431409305,2.609411677932188
159,-0.7175781446325998,,,-3.2035529935591986,2.618668042784449
160,-0.7128226478360569,,,-3.205869026516259,2.6278496734733423
161,-0.7080703545790192,,,-3.2080667892078174,2.6369568694916294
162,-0.7033212866339735,,,-3.2101475284073198,2.6459899299669045
163,-0.6985754657761948,,,-3.212112478855926,2.654949153658939
164,-0.6938329137833685,,,-3.2139628633828905,2.6638348389570274
165,-0.689093652435212,,,-3.215699893024729,2.6726472838773336
166,-0.6843577035130963,,,-3.217324767143186,2.6813867860602443
167,-0.6796250887996674,,,-3.218838673542016,2.6900536427677193
168,-0.6748958300784682,,,-3.220242788582589,2.698648150880653
169,-0.6701699491335599,,,-3.2215382772983325,2.7071706068962293
170,-0.6654474677491435,,,-3.2227262935080203,2.7156213069252884
171,-0.6607284077091818,,,-3.223807979927923,2.724000546689691
172,-0.6560127907970205,,,-3.2247844682828277,2.7323086215196906
173,-0.6513006387950098,,,-3.2256568794159395,2.7405458263513043
174,-0.6465919734841263,,,-3.22642632339768,2.748712455723692
175,-0.6418868166435946,,,-3.227093899633386,2.7568088037765377
176,-0.6371851900505086,,,-3.2276606969699237,2.764835164247433
177,-0.6324871154794534,,,-3.2281277938012347,2.7727918304692687
178,-0.6277926147021271,,,-3.2284962581728114,2.780679095367625
179,-0.6231017094869625,,,-3.228767147885126,2.7884972514581725
180,-0.6184144215987488,,,-3.2289415105960138,2.7962465908440723
181,-0.6137307727982535,,,-3.2290203839220286,2.8039274052133836
182,-0.6090507848418444,,,-3.2290047955387733,2.8115399858364745
183,-0.6043744794811112,,,-3.228895763280222,2.819084623563439
184,-0.5997018784624882,,,-3.2286942952370423,2.8265616088215166
185,-0.5950330035268758,,,-3.2284013898539214,2.8339712316125207
186,-0.5903678764092628,,,-3.2280180360259196,2.8413137815102685
187,-0.5857065188383488,,,-3.227545213193846,2.8485895476580163
188,-0.5810489525361664,,,-3.2269838914386746,2.855798818765904
189,-0.5763951992177037,,,-3.2263350315750112,2.862941883108401
190,-0.5717452805905264,,,-3.2255995852436152,2.870019028521759
191,-0.567099218354401,,,-3.2247784950029894,2.8770305424014717
192,-0.562457034200917,,,-3.2238726944200478,2.8839767116997383
193,-0.5578187498131096,,,-3.222883108159866,2.8908578229229343
194,-0.5531843868650831,,,-3.2218106520745295,2.8976741621290887
195,-0.5485539670216331,,,-3.220656233291086,2.9044260149253653
196,-0.5439275119378701,,,-3.2194207502986076,2.9111136664655537
197,-0.5393050432588428,,,-3.2181050930343793,2.9177374014475626
198,-0.5346865826191606,,,-3.2167101429692124,2.9242975041109234
199,-0.5300721516426177,,,-3.215236773191904,2.9307942582342976
200,-0.5254617719418162,,,-3.2136858484928372,2.9372279471329925
201,-0.5208554651177899,,,-3.212058225446745,2.943598853656483
202,-0.5162532527596281,,,-3.2103547524946334,2.949907260185941
203,-0.511655156444099,,,-3.2085762700248797,2.9561534486317718
204,-0.5070611977352741,,,-3.206723610453513,2.962337700431156
205,-0.5024713981841523,,,-3.204797598303683,2.9684602965456017
206,-0.4978857793282837,,,-3.2027990502843293,2.974521517458502
207,-0.4933043626913942,,,-3.200728775368052,2.980521643172699
208,-0.48872716978300995,,,-3.198587574868199,2.9864609532080593
209,-0.48415422209808184,,,-3.196376242515177,2.992339726599052
210,-0.4795855411166103,,,-3.1940955645319873,2.998158241892339
211,-0.47502114830326997,,,-3.1917463197089995,3.003916777144372
212,-0.47046106510703495,,,-3.189329279477975,3.0096156099189955
213,-0.4659053129608037,,,-3.186845207985336,3.0152550172850594
214,-0.46135391328102415,,,-3.1842948621646987,3.0208352758140413
215,-0.4568068874673194,,,-3.181678991808672,3.0263566615776742
216,-0.4522642569021129,,,-3.1789983396399317,3.0318194501455853
217,-0.4477260429502543,,,-3.176253641381575,3.0372239165829416
218,-0.44319226695864505,,,-3.1734456258267643,3.042570335448104
219,-0.4386629502558644,,,-3.1705750149076692,3.0478589807902927
220,-0.4341381141517953,,,-3.16764252376371,3.0530901261472585
221,-0.4296177799372509,,,-3.164648860809109,3.0582640445429625
222,-0.42510196888360047,,,-3.1615947277997627,3.0633810084852704
223,-0.420590702242396,,,-3.1584808198994367,3.0684412899636486
224,-0.4160840012449988,,,-3.1553078257452905,3.0734451604468753
225,-0.41158188710220617,,,-3.1520764275127373,3.0783928908807567
226,-0.40708438100387834,,,-3.1487873009796536,3.083284751685856
227,-0.4025915041185653,,,-3.1454411155899344,3.0881210127552303
228,-0.3981032775931341,,,-3.1420385345164066,3.092901943452177
229,-0.39361972255239575,,,-3.138580214723105,3.0976278126079917
230,-0.38914086009873317,,,-3.135066807026922,3.102298888519732
231,-0.3846667113117283,,,-3.1314989561586275,3.106915438947995
232,-0.3801972972477898,,,-3.1278773008232754,3.1114777311147064
233,-0.3757326389397809,,,-3.1242024737599983,3.115986031700912
234,-0.3712727573966475,,,-3.1204751018011936,3.120440606844588
235,-0.36681767360304585,,,-3.1166958059311147,3.1248417221384557
236,-0.36236740851897103,,,-3.1128652013438645,3.129189642627812
237,-0.35792198307938516,,,-3.1089838975008055,3.133484632808363
238,-0.35348141819384593,,,-3.105052498187385,3.137726956624076
239,-0.3490457347461351,,,-3.1010716015693878,3.1419168774650363
240,-0.3446149535938872,,,-3.0970418002486166,3.1460546581653186
241,-0.34018909556821847,,,-3.092963681318008,3.1501405610008666
242,-0.3357681814733557,,,-3.088837826416192,3.1541748476873854
243,-0.33135223208626535,,,-3.0846648117814977,3.1581577793782447
244,-0.3269412681562829,,,-3.080445208305408,3.1620896166623904
245,-0.3225353104047419,,,-3.07617958158548,3.165970619562273
246,-0.31813437952460394,,,-3.0718684919777197,3.1698010475317804
247,-0.3137384961800876,,,-3.067512494648435,3.1735811594541876
248,-0.30934768100629867,,,-3.0631121396255523,3.1773112136401154
249,-0.3049619546088597,,,-3.058667971849423,3.1809914678255016
250,-0.30058133756354016,,,-3.0541805312231056,3.1846221791695823
251,-0.2962058504158863,,,-3.0496503526621455,3.188203604252887
252,-0.2918355136808516,,,-3.0450779661438414,3.191735999075244
253,-0.28747034784242664,,,-3.04046389675602,3.195219619053797
254,-0.2831103733532701,,,-3.0358086647453084,3.198654719021037
255,-0.2787556106343389,,,-3.0311127855649205,3.202041553222843
256,-0.2744060800745189,,,-3.0263767699219577,3.205380375316535
257,-0.27006180203025576,,,-3.0216011238242286,3.2086714383689423
258,-0.26572279682518585,,,-3.016786348626592,3.211914994854479
259,-0.26138908474976713,,,-3.0119329410768296,3.2151112966532365
260,-0.25706068606091026,,,-3.0070413933610567,3.218260595049087
261,-0.25273762098160996,,,-3.002112193148664,3.2213631407277976
262,-0.24841990970057612,,,-2.9971458236368096,3.2244191837751606
263,-0.2441075723718654,,,-2.992142763594453,3.2274289736751327
264,-0.23980062911451264,,,-2.9871034874059452,3.2303927593079895
265,-0.23549910001216262,,,-2.9820284651141757,3.2333107889484927
266,-0.2312030051127017,,,-2.9769181624632775,3.2361833102640674
267,-0.2269123644278897,,,-2.971773040940899,3.2390105703129977
268,-0.2226271979329919,,,-2.9665935578200475,3.2417928155426288
269,-0.21834752556641107,,,-2.9613801662005073,3.244530291787588
270,-0.2140733672293196,,,-2.9561333150498306,3.247223244268016
271,-0.20980474278529182,,,-2.9508534492439185,3.2498719175878104
272,-0.20554167205993631,,,-2.9455410096071852,3.2524765557328856
273,-0.20128417484052838,,,-2.940196432952312,3.255037402069445
274,-0.19703227087564262,,,-2.9348201521195993,3.257554699342265
275,-0.1927859798747856,,,-2.9294125960159163,3.2600286896729935
276,-0.18854532150802863,,,-2.9239741896532525,3.262459614558464
277,-0.18431031540564058,,,-2.9185053541868804,3.26484771486902
278,-0.18008098115772084,,,-2.9130065069531246,3.2671932308468556
279,-0.1758573383138324,,,-2.9074780615067475,3.2694964021043695
280,-0.17163940638263503,,,-2.9019204276579567,3.2717574676225314
281,-0.1674272048315185,,,-2.8963340115090297,3.2739766657492635
282,-0.16322075308623588,,,-2.8907192154905696,3.276154234197837
283,-0.1590200705305371,,,-2.885076438397389,3.2782904100452814
284,-0.1548251765058024,,,-2.879406075424026,3.280385429730807
285,-0.15063609031067604,,,-2.873708518199902,3.2824395290542423
286,-0.1464528312007,,,-2.867984154824116,3.28445294317449
287,-0.14227541838794777,,,-2.8622333698998887,3.286425906607988
288,-0.13810387104065844,,,-2.8564565445686485,3.288358653227194
289,-0.13393820828287056,,,-2.850654056543775,3.2902514162590775
290,-0.12977844919405646,,,-2.8448262801439945,3.2921044282836336
291,-0.12562461280875625,,,-2.838973586326436,3.2939179212324037
292,-0.12147671811621243,,,-2.833096342719347,3.2956921263870145
293,-0.11733478406000411,,,-2.827194913654478,3.297427274377734
294,-0.11319882953768166,,,-2.821269660199133,3.299123595182038
295,-0.10906887340040133,,,-2.8153209401878954,3.300781318123192
296,-0.10494493445256,,,-2.8093491082540245,3.3024006718688512
297,-0.10082703145143,,,-2.8033545158605357,3.303981884429672
298,-0.09671518310679417,,,-2.7973375113309586,3.305525183157939
299,-0.09260940808058078,,,-2.791298439879785,3.307030794746209
300,-0.08850972498649885,,,-2.7852376436425987,3.3084989452259674
301,-0.08441615238967336,,,-2.779155461705903,3.309929859966302
302,-0.08032870880628065,,,-2.7730522301366376,3.3113237636725903
303,-0.07624741270318398,,,-2.766928282011397,3.312680880385202
304,-0.07217228249756913,,,-2.7607839474453466,3.314001433478218
305,-0.06810333655658016,,,-2.754619553620844,3.315285645658164
306,-0.06404059319695525,,,-2.748435424815767,3.316533738962759
307,-0.05998407068466276,,,-2.7422318824315486,3.3177459347596803
308,-0.05593378723453726,,,-2.7360092450209264,3.3189224537453414
309,-0.05188976100991585,,,-2.729767828315408,3.3200635159436898
310,-0.04785201012227448,,,-2.7235079452524524,3.321169340705016
311,-0.04382055263086448,,,-2.7172299060023732,3.32224014670478
312,-0.03979540654234918,,,-2.710934017994967,3.323276151942454
313,-0.03577658981044071,,,-2.704620585945864,3.324277573740378
314,-0.03176412033553691,,,-2.6982899118826142,3.3252446287426345
315,-0.02775801596435838,,,-2.6919422951704988,3.3261775329139387
316,-0.023758294489585684,,,-2.6855780325380807,3.3270765015385404
317,-0.019764973649496736,,,-2.6791974181024916,3.3279417492191468
318,-0.015778071127604282,,,-2.6728007433944567,3.328773489875857
319,-0.011797604552293593,,,-2.6663882973830644,3.329571936745116
320,-0.00782359149646028,,,-2.65996036650028,3.330337302378682
321,-0.0038560494771482995,,,-2.6535172346652063,3.331069798642611
322,0.00010500404481188653,,,-2.647059183308097,3.3317696367162557
323,0.004059551665164965,,,-2.64058649139412,3.3324370270912844
324,0.008007576036592263,,,-2.6340994354468754,3.333072179570711
325,0.011949059869073037,,,-2.627598289571675,3.333675303267943
326,0.0158839859302456,,,-2.6210833254785766,3.3342466066058494
327,0.01981233704576823,,,-2.614554812505186,3.3347862973158375
328,0.0237340960996799,,,-2.6080130176392182,3.335294582436952
329,0.027649246034760808,,,-2.6014582055408324,3.3357716683149885
330,0.031557769852892686,,,-2.594890638564729,3.336217760601621
331,0.03545965061541891,,,-2.588310576782024,3.3366330642535487
332,0.03935487144350438,,,-2.5817182780018952,3.337017783531659
333,0.04324341551849518,,,-2.575113997793006,3.337372122000205
334,0.047125266082278024,,,-2.568497989504706,3.3376962825259997
335,0.05100040643763946,,,-2.5618705042880134,3.3379904672776286
336,0.05486881994862479,,,-2.5552317911163804,3.338254877724677
337,0.05873049004089684,,,-2.548582096806244,3.3384897146369736
338,0.06258540020209435,,,-2.5419216660373634,3.338695178083851
339,0.06643353398219023,,,-2.535250741372948,3.3388714674334246
340,0.07027487499384945,,,-2.5285695632795746,3.339018781351883
341,0.07410940691278668,,,-2.521878370146902,3.339137317802802
342,0.07793711347812374,,,-2.515177398307177,3.3392272740464684
343,0.08175797849274657,,,-2.5084668820545426,3.339288846639226
344,0.08557198582366214,,,-2.5017470536641424,3.339322231432834
345,0.08937911940235484,,,-2.495018143411028,3.339327623573843
346,0.0931793632251427,,,-2.4882803795888706,3.3393052175029907
347,0.09697270135353322,,,-2.481533988528479,3.339255206954611
348,0.10075911791457895,,,-2.4747791946161235,3.339177784956059
349,0.1045385971012326,,,-2.4680162203116707,3.339073143827158
350,0.10831112317270197,,,-2.4612452861665295,3.3389414751796567
351,0.1120766804548044,,,-2.45446661084141,3.338782969916707
352,0.11583525334032094,,,-2.4476804111238994,3.338597818232359
353,0.11958682628935008,,,-2.4408869019458543,3.3383862096110692
354,0.12333138382966116,,,-2.434086296400609,3.338148332827231
355,0.1270689105570474,,,-2.42727880576001,3.337884375944716
356,0.1307993911356784,,,-2.420464639491269,3.337594526316436
357,0.13452281029845253,,,-2.413644005273643,3.33727897058392
358,0.1382391528473485,,,-2.4068171090149377,3.3369378946769106
359,0.14194840365377684,,,-2.3999841548678416,3.3365714838129747
360,0.1456505476589308,,,-2.3931453452460874,3.3361799224971307
361,0.14934556987413677,,,-2.3863008808404476,3.335763394521495
362,0.15303345538120444,,,-2.37945096063456,3.3353220829649444
363,0.15671418933277614,,,-2.3725957819205905,3.3348561701927935
364,0.16038775695267607,,,-2.365735540314729,3.3343658378564913
365,0.16405414353625886,,,-2.358870429772528,3.3338512668933347
366,0.16771333445075756,,,-2.3520006426040774,3.333312637526197
367,0.17136531513563136,,,-2.3451263694890216,3.332750129263275
368,0.1750100711029125,,,-2.338247799491419,3.3321639208978526
369,0.1786475879375529,,,-2.3313651200744463,3.3315541905080814
370,0.18227785129777002,,,-2.324478517114951,3.3309211154567766
371,0.18590084691539238,,,-2.317588174917846,3.3302648723912327
372,0.18951656059620436,,,-2.31069427623036,3.3295856372430537
373,0.19312497822029046,,,-2.3037970022561325,3.328883585228002
374,0.1967260857423789,,,-2.2968965326691655,3.328158890845862
375,0.20031986919218486,,,-2.2899930456276265,3.3274117278803232
376,0.2039063146747528,,,-2.2830867177875067,3.326642269398878
377,0.20748540837079818,,,-2.2761777243161365,3.325850687752738
378,0.21105713653704888,,,-2.2692662389055593,3.3250371545767656
379,0.21462148550658552,,,-2.262352433785763,3.3242018407894256
380,0.2181784416891813,,,-2.255436479737773,3.3233449165927476
381,0.22172799157164125,,,-2.2485185461066117,3.322466551472313
382,0.2252701217181406,,,-2.2415988008141126,3.3215669141972533
383,0.22880481877056255,,,-2.2346774103716087,3.3206461728202665
384,0.23233206944883536,,,-2.2277545398924814,3.3197044946776524
385,0.23585186055126847,,,-2.2208303531045797,3.3187420463893615
386,0.23936417895488815,,,-2.213905012362509,3.317758993859064
387,0.24286901161577218,,,-2.206978678659786,3.316755502274233
388,0.2463663455693839,,,-2.200051511640873,3.3157317361062453
389,0.24985616793090523,,,-2.1931236696130765,3.314687859110501
390,0.25333846589556924,,,-2.186195309558328,3.3136240343265557
391,0.2568132267389915,,,-2.1792665871448333,3.3125404240782736
392,0.2602804378175007,,,-2.1723376567386055,3.311437189973996
393,0.26374008656846887,,,-2.1654086714148697,3.310314492906724
394,0.26719216051063976,,,-2.158479782969352,3.309172493054322
395,0.2706366472444574,,,-2.1515511419294455,3.308011349879736
396,0.27407353445239296,,,-2.144622897565262,3.3068312221312275
397,0.27750280989927106,,,-2.1376951979005616,3.305632267842626
398,0.2809244614325951,,,-2.130768189723571,3.304414644333597
399,0.2843384769828715,,,-2.123842018597683,3.3031785082099274
400,0.28774484456393323,,,-2.1169168288720486,3.3019240153638263
401,0.29114355227326205,,,-2.1099927636920497,3.3006513209742434
402,0.29453458829230994,,,-2.103069965009664,3.299360579507204
403,0.29791794088681944,,,-2.096148573593721,3.2980519447161605
404,0.301293598407143,,,-2.0892287290400473,3.296725569642359
405,0.30466154928856115,,,-2.082310569781504,3.295381606615224
406,0.3080217820515998,,,-2.0753942330979176,3.29402020725276
407,0.31137428530234634,,,-2.0684798551259065,3.2926415224619676
408,0.3147190477327645,,,-2.0615675708686005,3.291245702439277
409,0.31805605812100834,,,-2.054657514205259,3.289832896670999
410,0.32138530533173504,,,-2.0477498179007863,3.2884032539337897
411,0.3247067783164163,,,-2.0408446136151435,3.286956922295135
412,0.3280204661136488,,,-2.0339420319126638,3.2854940491138467
413,0.33132635784946346,,,-2.0270422022712644,3.284014781040581
414,0.3346244427376333,,,-2.0201452530915622,3.282519264018368
415,0.33791471007998025,,,-2.013251311705894,3.281007643283158
416,0.3411971492666807,,,-2.0063605043872355,3.279480063364389
417,0.34447174977656964,,,-1.9994729563580296,3.277936668085562
418,0.34773850117744365,,,-1.992588791798918,3.2763776005648406
419,0.35099739312636247,,,-1.98570813385738,3.274803003215661
420,0.3542484153699494,,,-1.978831104656279,3.27321301774736
421,0.3574915577446901,,,-1.9719578253023171,3.2716077851658216
422,0.36072681017723046,,,-1.9650884158944,3.269987445774133
423,0.36395416268467257,,,-1.9582229955319115,3.2683521391732637
424,0.3671736053748696,,,-1.9513616823228987,3.266702004262755
425,0.37038512844671917,,,-1.9445045933921723,3.265037179241429
426,0.3735887221904554,,,-1.9376518448893163,3.263357801608112
427,0.3767843769879393,,,-1.930803551996614,3.261664008162372
428,0.37997208331294785,,,-1.923959828936889,3.2599559350052747
429,0.3831518317314614,,,-1.9171207889812611,3.2582337175401546
430,0.3863236129019497,,,-1.9102865444568193,3.256497490473399
431,0.3894874175756565,,,-1.9034572067542121,3.254747387815253
432,0.3926432365968822,,,-1.8966328863351567,3.2529835428806315
433,0.3957910609032653,,,-1.8898136927398677,3.251206088289957
434,0.39893088152606215,,,-1.8829997345944038,3.2494151559700044
435,0.4020626895904249,,,-1.8761911196179386,3.2476108771547665
436,0.405186476315678,,,-1.8693879546299508,3.245793382386331
437,0.40830223301559304,,,-1.8625903455573378,3.2439628015157758
438,0.4114099510986619,,,-1.8557983974414527,3.2421192637040774
439,0.414509622068368,,,-1.849012214445065,3.2402628974230363
440,0.41760123752345607,,,-1.8422318998592468,3.2383938304562156
441,0.4206847891582002,,,-1.8354575561101851,3.236512189899896
442,0.4237602687626697,,,-1.8286892847659193,3.2346181021640468
443,0.426827668222994,,,-1.8219271865430067,3.2327116929733086
444,0.42988697952162475,,,-1.8151713613131166,3.2307930873679944
445,0.43293819473759687,,,-1.808421908109553,3.228862409705102
446,0.43598130604678736,,,-1.8016789251337055,3.226919783659347
447,0.43901630572217243,,,-1.7949425097614329,3.2249653322242025
448,0.4420431861340826,,,-1.788212758549375,3.2229991777129605
449,0.44506193975045605,,,-1.7814897672411998,3.221021441759805
450,0.44807255913708977,,,-1.7747736307737787,3.2190322453208995
451,0.4510750369578892,,,-1.768064443283299,3.2170317086754885
452,0.45406936597511544,,,-1.7613622981113082,3.215019951427016
453,0.45705553904963075,,,-1.7546672878106928,3.2129970925042564
454,0.4600335491411419,,,-1.7479795041515933,3.210963250162459
455,0.4630033893084417,,,-1.7412990381272544,3.208918541984509
456,0.465965052709648,,,-1.734625979959813,3.206863084882101
457,0.4689185326024413,,,-1.7279604191060218,3.2047969950969284
458,0.4718638223442997,,,-1.7213024442629126,3.202720388201884
459,0.4748009153927318,,,-1.7146521433733974,3.2006333791022774
460,0.4777298053055079,,,-1.7080096036318086,3.1985360820370645
461,0.4806504857408886,,,-1.7013749114893806,3.1964286105800923
462,0.48356295045785114,,,-1.694748152659669,3.1943110776413572
463,0.4864671933163141,,,-1.6881294121239154,3.1921835954682747
464,0.4893632082773592,,,-1.6815187741363502,3.190046275646968
465,0.4922509894034514,,,-1.6749163222294394,3.1878992291035644
466,0.49513053085865644,,,-1.668322139219076,3.1857425661055077
467,0.49800182690885614,,,-1.661736307209712,3.183576396262886
468,0.5008648719219614,,,-1.6551589075994377,3.18140082852977
469,0.5037196603681231,,,-1.6485900210850042,3.1792159712055663
470,0.5065661868199401,,,-1.642029727666792,3.1770219319363813
471,0.5094044459526657,,,-1.6354781066537252,3.1748188177164027
472,0.5122344325444105,,,-1.6289352366681347,3.1726067348892903
473,0.5150561414763444,,,-1.622401195650565,3.170385789149582
474,0.5178695677328947,,,-1.6158760608645326,3.168156085544112
475,0.520674706401943,,,-1.6093599089012294,3.16591772847344
476,0.5234715526750183,,,-1.6028528156841781,3.163670821693298
477,0.5262601018474891,,,-1.5963548564738361,3.161415468316045
478,0.5290403493187515,,,-1.589866105872148,3.159151770812135
479,0.5318122905924162,,,-1.5833866378270514,3.156879831011602
480,0.5345759212764915,,,-1.5769165256369326,3.1545997501055516
481,0.537331237083565,,,-1.5704558419550334,3.1523116286476687
482,0.5400782338309821,,,-1.564004658793812,3.1500155665557354
483,0.5428169074410215,,,-1.5575630475292541,3.1477116631131636
484,0.5455472539410693,,,-1.5511310789051411,3.145400016970538
485,0.548269269463789,,,-1.5447088230372683,3.1430807261471694
486,0.5509829502472896,,,-1.5382963494176198,3.1407538880326653
487,0.5536882926352914,,,-1.5318937269184978,3.138419599388507
488,0.5563852930772879,,,-1.525501023796607,3.136077956349642
489,0.559073948128706,,,-1.519118307697095,3.1337290544260847
490,0.5617542544510633,,,-1.51274564565755,3.1313729885045336
491,0.5644262088121219,,,-1.5063831041119533,3.129009852849996
492,0.5670898080860404,,,-1.5000307488945914,3.126639741107425
493,0.5697450492535224,,,-1.4936886452439246,3.1242627463033696
494,0.5723919294019627,,,-1.487356857806415,3.1218789608476336
495,0.5750304457255898,,,-1.4810354506403116,3.119488476534948
496,0.5776605955256068,,,-1.4747244872193968,3.1170913845466535
497,0.580282376210328,,,-1.4684240304366907,3.114687775452394
498,0.5828957852953139,,,-1.4621341426081171,3.1122777392118204
499,0.5855008204035025,,,-1.4558548854761297,3.109861365176306
500,0.5880974792653374,,,-1.4495863202132984,3.1074387420906744
501,0.5906857597188941,,,-1.4433285074258586,3.105009958094934
502,0.5932656597100023,,,-1.4370815071572223,3.1025751007260265
503,0.5958371772923653,,,-1.43084537889145,3.1001342569195853
504,0.5984003106276768,,,-1.4246201815566881,3.0976875130117016
505,0.6009550579857349,,,-1.4184059735285677,3.0952349547407056
506,0.6035014177445517,,,-1.4122028126335675,3.0927766672489536
507,0.6060393883904616,,,-1.4060107561523407,3.090312735084627
508,0.6085689685182252,,,-1.399829860823008,3.087843242203541
509,0.611090156831131,,,-1.3936601828444133,3.085368271970965
510,0.6136029521410934,,,-1.3875017778793466,3.0828879071634487
511,0.6161073533687474,,,-1.3813547010577314,3.0804022299706615
512,0.6186033595435413,,,-1.3752190069797792,3.0779113219972407
513,0.6210909698038245,,,-1.3690947497191104,3.0754152642646493
514,0.6235701833969338,,,-1.3629819828258427,3.0729141372130413
515,0.6260409996792755,,,-1.3568807593296455,3.0704080207031397
516,0.6285034181164045,,,-1.3507911317427634,3.06789699401812
517,0.6309574382831004,,,-1.3447131520630076,3.0653811358655063
518,0.6334030598634399,,,-1.3386468717767155,3.0628605243790754
519,0.6358402826508668,,,-1.3325923418616796,3.060335237120766
520,0.6382691065482574,,,-1.3265496127900456,3.0578053510826044
521,0.6406895315679841,,,-1.32051873453118,3.0552709426886313
522,0.6431015578319746,,,-1.3144997565545085,3.052732087796842
523,0.6455051855717682,,,-1.308492727832324,3.050188861701133
524,0.6479004151285687,,,-1.3024976968425652,3.047641339133258
525,0.6502872469532942,,,-1.2965147115715683,3.045089594264791
526,0.6526656816066233,,,-1.2905438195167866,3.0425337007091007
527,0.6550357197590378,,,-1.2845850676894863,3.0399737315233266
528,0.6573973621908623,,,-1.2786385026174107,3.037409759210372
529,0.6597506097923003,,,-1.2727041703474196,3.034841855720897
530,0.6620954635634668,,,-1.2667821164480995,3.0322700924553225
531,0.6644319246144178,,,-1.260872386012349,3.029694540265845
532,0.6667599941651758,,,-1.254975023659937,3.027115269458451
533,0.6690796735457526,,,-1.249090073540034,3.024532349794948
534,0.6713909641961677,,,-1.2432175793337186,3.0219458504949954
535,0.6736938676664643,,,-1.237357584256458,3.019355840238148
536,0.6759883856167209,,,-1.231510131060564,3.0167623871659037
537,0.67827451981706,,,-1.225675262037624,3.0141655588837586
538,0.6805522721476529,,,-1.2198530190209065,3.0115654224632706
539,0.6828216445987215,,,-1.2140434433877445,3.0089620444441274
540,0.6850826392705358,,,-1.2082465760618928,3.0063554908362238
541,0.6873352583734088,,,-1.2024624575158631,3.0037458271217425
542,0.6895795042276869,,,-1.1966911277732362,3.0011331182572465
543,0.6918153792637376,,,-1.19093262641095,2.9985174286757714
544,0.6940428860219331,,,-1.185186992561566,2.995898822288929
545,0.6962620271526305,,,-1.1794542649155118,2.993277362489015
546,0.6984728054161483,,,-1.1737344817233042,2.990653112151124
547,0.7006752236827397,,,-1.168027680797748,2.9880261336352674
548,0.7028692849325616,,,-1.1623338995161157,2.9853964887885014
549,0.7050549922556408,,,-1.1566531748223032,2.9827642389470586
550,0.7072323488518362,,,-1.1509855432289675,2.980129444938485
551,0.7094013580307967,,,-1.145331040819641,2.9774921670837817
552,0.7115620232119173,,,-1.1396897032508289,2.974852465199555
553,0.7137143479242892,,,-1.1340615657540822,2.9722103986001702
554,0.7158583358066485,,,-1.1284466631380556,2.969566026099908
555,0.7179939906073194,,,-1.1228450297905421,2.9669194060151303
556,0.7201213161841552,,,-1.1172566996804902,2.9642705961664495
557,0.7222403165044746,,,-1.1116817063600022,2.961619653880901
558,0.7243509956449947,,,-1.1061200829663127,2.9589666359941225
559,0.7264533577917608,,,-1.1005718622237497,2.9563115988525364
560,0.7285474072400716,,,-1.0950370764456772,2.9536545983155373
561,0.7306331483944014,,,-1.089515757536419,2.950995689757686
562,0.7327105857683184,,,-1.0840079369931668,2.948334928070904
563,0.7347797239843994,,,-1.0785136459078688,2.9456723676666745
564,0.7368405677741405,,,-1.073032914969102,2.943008062478247
565,0.7388931219778647,,,-1.0675657744639282,2.940342065962846
566,0.740937391544625,,,-1.0621122542797317,2.937674431103885
567,0.7429733815321045,,,-1.056672383906042,2.9350052104131796
568,0.7450010971065122,,,-1.0512461924363394,2.9323344559331703
569,0.7470205435424759,,,-1.0458337085698457,2.9296622192391446
570,0.7490317262229305,,,-1.0404349606132977,2.9269885514414637
571,0.7510346506390028,,,-1.0350499764827061,2.924313503187793
572,0.7530293223898933,,,-1.029678783705099,2.9216371246653345
573,0.7550157471827533,,,-1.02432140942025,2.918959465603066
574,0.756993930832559,,,-1.0189778803823923,2.9162805752739764
575,0.7589638792619811,,,-1.0136482229619173,2.913600502497311
576,0.7609255985012516,,,-1.0083324631470583,2.910919295640815
577,0.7628790946880266,,,-1.0030306265455626,2.908237002622982
578,0.7648243740672447,,,-0.9977427383863464,2.9055536709153027
579,0.7667614429909825,,,-0.9924688235211381,2.902869347544519
580,0.768690307918306,,,-0.987208906426107,2.900184079094877
581,0.7706109754151184,,,-0.9819630112034798,2.897497911710386
582,0.7725234521540043,,,-0.9767311615831427,2.8948108910970753
583,0.7744277449140697,,,-0.9715133809242311,2.892123062525258
584,0.776323860580779,,,-0.9663096922167075,2.889434470831791
585,0.7782118061457873,,,-0.9611201180829249,2.886745160422341
586,0.7800915887067705,,,-0.9559446807791798,2.884055175273651
587,0.78196321546725,,,-0.9507834021972525,2.8813645589358075
588,0.7838266937364146,,,-0.945636303865935,2.8786733545345093
589,0.7856820309289388,,,-0.9405034069525473,2.8759816047733384
590,0.7875292345647975,,,-0.935384732264443,2.873289351936032
591,0.7893683122690757,,,-0.9302803002505026,2.8705966378887546
592,0.7911992717717764,,,-0.9251901310026159,2.8679035040823715
593,0.7930221209076236,,,-0.9201142442571543,2.865209991554724
594,0.7948368676158619,,,-0.9150526593964303,2.8625161409329034
595,0.7966435199400526,,,-0.9100053954501488,2.859821992435529
596,0.7984420860278656,,,-0.9049724710968462,2.857127585875023
597,0.8002325741308688,,,-0.8999539046653204,2.8544329606598873
598,0.8020149926043122,,,-0.8949497141360498,2.8517381557969808
599,0.8037893499069098,,,-0.8899599171426031,2.8490432098937974
600,0.805555654600617,,,-0.884984530973039,2.8463481611607433
601,0.8073139153504049,,,-0.8800235725712962,2.843653047413414
602,0.8090641409240305,,,-0.8750770585385751,2.8409579060748706
603,0.8108063401918034,,,-0.8701450051347087,2.8382627741779203
604,0.8125405221263493,,,-0.8652274282795255,2.8355676883673886
605,0.8142666958023693,,,-0.8603243435542033,2.8328726849023997
606,0.815984870396396,,,-0.8554357662026139,2.8301777996586504
607,0.8176950551865458,,,-0.8505617111326598,2.827483068130684
608,0.8193972595522679,,,-0.8457021929176023,2.824788525434167
609,0.8210914929740891,,,-0.8408572257973809,2.822094206308162
610,0.822777765033356,,,-0.8360268236799252,2.819400145117399
611,0.8244560854119727,,,-0.8312110001424589,2.8167063758545474
612,0.8261264638921355,,,-0.8264097684327948,2.8140129321424885
613,0.8277889103560643,,,-0.8216231414706241,2.8113198472365806
614,0.8294434347857295,,,-0.8168511318487965,2.8086271540269294
615,0.8310900472625764,,,-0.812093751834594,2.8059348850406534
616,0.8327287579672459,,,-0.8073510133709965,2.803243072444148
617,0.8343595771792909,,,-0.8026229280779416,2.800551748045349
618,0.8359825152768905,,,-0.7979095072535763,2.7978609432959924
619,0.8375975827365599,,,-0.7932107618755028,2.795170689293876
620,0.8392047901328569,,,-0.7885267026020165,2.792481016785114
621,0.840804148138085,,,-0.7838573397733392,2.789791956166394
622,0.8423956675219938,,,-0.779202683412844,2.787103537487228
623,0.8439793591514747,,,-0.7745627432282757,2.784415790452204
624,0.8455552339902542,,,-0.7699375286129634,2.781728744423235
625,0.8471233030985836,,,-0.7653270486470287,2.779042428421803
626,0.8486835776329249,,,-0.7607313120985868,2.776356871131203
627,0.8502360688456339,,,-0.7561503274249425,2.7736721008987835
628,0.8517807880846395,,,-0.7515841027737804,2.7709881457381837
629,0.8533177467931206,,,-0.7470326459843498,2.768305033331569
630,0.8548469565091779,,,-0.742495964588644,2.7656227910318605
631,0.8563684288655042,,,-0.737974065812574,2.7629414458649673
632,0.857882175589051,,,-0.7334669565771381,2.7602610245320087
633,0.8593882085006905,,,-0.7289746434995857,2.757581553411538
634,0.8608865395148766,,,-0.7244971328945761,2.754903058561761
635,0.8623771806393006,,,-0.7200344307753328,2.752225565722752
636,0.863860143974545,,,-0.7155865428547935,2.7495491003186645
637,0.8653354417137336,,,-0.7111534745467547,2.7468736874599404
638,0.8668030861421782,,,-0.7067352309670125,2.744199351945514
639,0.8682630896370228,,,-0.7023318169344988,2.7415261182650137
640,0.8697154646668843,,,-0.6979432369724133,2.738854010600957
641,0.8711602237914895,,,-0.6935694953093515,2.736183052830944
642,0.87259737966131,,,-0.6892105958804282,2.733513268529847
643,0.8740269450171936,,,-0.6848665423283977,2.7308446809719937
644,0.8754489326899921,,,-0.6805373380047699,2.7281773131333487
645,0.8768633556001871,,,-0.6762229859709223,2.7255111876936877
646,0.8782702267575117,,,-0.6719234889992094,2.72284632703877
647,0.8796695592605697,,,-0.667638849574067,2.720182753262506
648,0.8810613662964522,,,-0.663369069893115,2.717520488169118
649,0.8824456611403503,,,-0.6591141518682547,2.7148595532752977
650,0.8838224571551656,,,-0.6548740971267651,2.712199969812361
651,0.8851917677911173,,,-0.6506489070123942,2.7095417587283945
652,0.8865536065853467,,,-0.6464385825864479,2.7068849406903976
653,0.8879079871615185,,,-0.6422431246288764,2.7042295360864226
654,0.8892549232294199,,,-0.6380625336393574,2.7015755650277047
655,0.8905944285845557,,,-0.6338968098383754,2.698923047350793
656,0.8919265171077415,,,-0.6297459531683005,2.696272002619669
657,0.8932512027646938,,,-0.6256099632944626,2.693622450127867
658,0.8945684996056172,,,-0.6214888396062241,2.690974408900584
659,0.8958784217647893,,,-0.6173825812180496,2.688327897696785
660,0.8971809834601417,,,-0.6132911869705733,2.685682935011305
661,0.8984761989928401,,,-0.6092146554316646,2.6830395390769426
662,0.8997640827468598,,,-0.6051529848974911,2.6803977278665494
663,0.9010446491885596,,,-0.601106173393579,2.6777575190951133
664,0.9023179128662532,,,-0.597074218675872,2.675118930221835
665,0.9035838884097768,,,-0.5930571182317882,2.6724819784522005
666,0.9048425905300558,,,-0.5890548692812748,2.669846680740045
667,0.9060940340186673,,,-0.5850674687778609,2.667213053789613
668,0.9073382337474009,,,-0.5810949134097089,2.664581114057611
669,0.9085752046678167,,,-0.5771371996006638,2.661950877755254
670,0.9098049618108012,,,-0.5731943235113008,2.6593223608503047
671,0.9110275202861198,,,-0.5692662810399718,2.65669557906911
672,0.9122428952819677,,,-0.5653530678238496,2.654070547898627
673,0.9134511020645179,,,-0.5614546792399718,2.651447282588442
674,0.9146521559774671,,,-0.5575711104062818,2.648825798152789
675,0.9158460724415789,,,-0.5537023561826696,2.6462061093725535
676,0.9170328669542246,,,-0.5498484111720113,2.643588230797275
677,0.9182125550889219,,,-0.5460092697212067,2.640972176747141
678,0.919385152494871,,,-0.5421849259222162,2.6383579613149744
679,0.9205506748964889,,,-0.5383753736130966,2.6357455983682123
680,0.9217091380929409,,,-0.5345806063790358,2.6331351015508817
681,0.9228605579576696,,,-0.5308006175533867,2.630526484285564
682,0.924004950437923,,,-0.5270354002186994,2.6279197597753527
683,0.9251423315542786,,,-0.523284947207754,2.625314941005809
684,0.9262727174001667,,,-0.5195492511045908,2.622712040746904
685,0.9273961241413912,,,-0.5158283042455416,2.6201110715549554
686,0.9285125680156476,,,-0.5121220987202583,2.6175120457745593
687,0.9296220653320402,,,-0.5084306263727427,2.6149149755405117
688,0.9307246324705956,,,-0.5047538788023744,2.6123198727797234
689,0.931820285881776,,,-0.5010918473649387,2.609726749213129
690,0.9329090420859889,,,-0.49744452317365384,2.6071356163575845
691,0.9339909176730955,,,-0.4938118971001975,2.6045464855277625
692,0.9350659293019173,,,-0.4901939597757336,2.6019593678380333
693,0.9361340936997404,,,-0.4865907015919379,2.599374274204345
694,0.937195427661818,,,-0.4830021127020237,2.596791215346091
695,0.9382499480508708,,,-0.4794281830217671,2.594210201787971
696,0.9392976717965864,,,-0.475868902230532,2.591631243861846
697,0.9403386158951156,,,-0.472324259772295,2.5890543517085813
698,0.9413727974085678,,,-0.4687942448566697,2.586479535279886
699,0.9424002334645045,,,-0.46527884645993167,2.583906804340141
700,0.9434209412554306,,,-0.46177805332604227,2.5813361684682206
701,0.9444349380382846,,,-0.4582918539676732,2.578767637059306
702,0.9454422411339264,,,-0.45482023666723076,2.5762012193266894
703,0.946442867926624,,,-0.4513631894778799,2.5736369243035724
704,0.9474368358635387,,,-0.4479207002245686,2.5710747608448528
705,0.9484241624542077,,,-0.44449275650505216,2.568514737628904
706,0.9494048652700264,,,-0.44107934569091745,2.5659568631593492
707,0.9503789619437282,,,-0.43768045492860774,2.563401145766823
708,0.9513464701688629,,,-0.4342960711404471,2.560847593610727
709,0.9523074076992742,,,-0.4309261810256653,2.5582962146809765
710,0.9532617923485751,,,-0.4275707710614232,2.555747016799737
711,0.9542096419896219,,,-0.4242298275038375,2.5532000076231554
712,0.9551509745539871,,,-0.4209033363890067,2.550655194643079
713,0.9560858080314308,,,-0.41759128353403685,2.5481125851887696
714,0.9570141604693706,,,-0.4142936545380679,2.545572186428606
715,0.9579360499723498,,,-0.4110104347832998,2.543034005371778
716,0.9588514947015057,,,-0.40774160943601984,2.540498048869974
717,0.9597605128740344,,,-0.4044871634476295,2.5379643236190574
718,0.9606631227626568,,,-0.4012470815556725,2.535432836160735
719,0.9615593426950811,,,-0.39802134828486263,2.5329035928842174
720,0.9624491910534662,,,-0.3948099479481124,2.5303766000278696
721,0.9633326862738817,,,-0.391612864647562,2.527851863680852
722,0.9642098468457689,,,-0.38843008227560877,2.525329389784755
723,0.9650806913113995,,,-0.3852615845159373,2.5228091841352214
724,0.9659452382653332,,,-0.3821073548445499,2.520291252383563
725,0.9668035063538745,,,-0.3789673765307977,2.517775600038367
726,0.9676555142745286,,,-0.37584163263841225,2.51526223246709
727,0.9685012807754563,,,-0.37273010602653756,2.51275115489765
728,0.9693408246549274,,,-0.36963277935076305,2.5102423724200036
729,0.9701741647607739,,,-0.36654963506415683,2.507735889987715
730,0.9710013199898415,,,-0.36348065541829977,2.5052317124195183
731,0.9718223092874411,,,-0.3604258224643199,2.502729844400868
732,0.9726371516467984,,,-0.35738511805392786,2.500230290485483
733,0.9734458661085038,,,-0.35435852384045263,2.4977330550968775
734,0.9742484717599603,,,-0.351346021279878,2.4952381425298875
735,0.975044987734832,,,-0.34834759163188,2.4927455569521846
736,0.97583543321249,,,-0.34536321596086456,2.4902553024057807
737,0.9766198274174598,,,-0.3423928751370061,2.487767382808527
738,0.9773981896188662,,,-0.3394365498372869,2.4852818019555984
739,0.9781705391298782,,,-0.3364942205465367,2.482798563520973
740,0.9789368953071534,,,-0.3335658675584738,2.480317671058899
741,0.9796972775502819,,,-0.330651470976746,2.4778391280053573
742,0.9804517053012286,,,-0.32775101071597296,2.475362937679508
743,0.9812001980437765,,,-0.32486446650278866,2.472889103285131
744,0.981942775302968,,,-0.32199181787688524,2.47041762791206
745,0.9826794566445469,,,-0.319133044192057,2.467948514537603
746,0.983410261674399,,,-0.31628812461724554,2.4654817660279535
747,0.9841352100379929,,,-0.3134570381375851,2.4630173851395964
748,0.9848543214198198,,,-0.31063976355544937,2.460555374520699
749,0.9855676155428333,,,-0.3078362794914985,2.458095736712497
750,0.9862751121678893,,,-0.30504656438572686,2.455638474150669
751,0.986976831093184,,,-0.30227059649851185,2.453183589166702
752,0.9876727921536934,,,-0.2995083539116631,2.450731083989249
753,0.9883630152206115,,,-0.2967598145294726,2.448280960745473
754,0.9890475202007882,,,-0.29402495607976564,2.4458332214623866
755,0.9897263270361676,,,-0.29130375611495224,2.443387868068179
756,0.9903994557032254,,,-0.28859619201307934,2.4409449023935355
757,0.9910669262124066,,,-0.28590224097888406,2.438504326172945
758,0.9917287586075627,,,-0.28322188004484705,2.4360661410460014
759,0.9923849729653894,,,-0.28055508607224733,2.433630348558692
760,0.9930355893948631,,,-0.27790183575221705,2.4311969501646806
761,0.9936806280366786,,,-0.2752621056067976,2.428765947226576
762,0.9943201090626855,,,-0.272635871989996,2.4263373410171973
763,0.9949540526753261,,,-0.27002311108884236,2.4239111327208245
764,0.9955824791070715,,,-0.26742379892444745,2.4214873234344414
765,0.9962054086198593,,,-0.26483791135306156,2.41906591416897
766,0.9968228615045301,,,-0.26226542406713377,2.416646905850496
767,0.9974348580802656,,,-0.25970631259637184,2.4142302993214817
768,0.9980414186940247,,,-0.2571605523088028,2.4118160953419725
769,0.9986425637199823,,,-0.25462811841183425,2.4094042945907934
770,0.9992383135589656,,,-0.2521089859533162,2.4069948976667357
771,0.999828688637893,,,-0.24960312982260371,2.404587905089734
772,1.0004137094092111,,,-0.24711052475161982,2.402183317302035
773,1.000993396350334,,,-0.2446311453159194,2.3997811346693543
774,1.0015677699630803,,,-0.24216496593575354,2.39738135748203
775,1.0021368507731137,,,-0.2397119608771344,2.3949839859561584
776,1.0027006593293808,,,-0.23727210425290077,2.3925890202347273
777,1.0032592162035507,,,-0.23484537002378414,2.390196460388736
778,1.0038125419894555,,,-0.23243173199947528,2.3878063064183084
779,1.0043606573025292,,,-0.23003116383969144,2.3854185582537957
780,1.0049035827792498,,,-0.22764363905524393,2.3830332157568703
781,1.0054413390765793,,,-0.22526913100910648,2.38065027872161
782,1.0059739468714053,,,-0.22290761291748382,2.378269746875572
783,1.006501426859983,,,-0.22055905785088087,2.375891619880861
784,1.0070237997573783,,,-0.21822343873517241,2.373515897335185
785,1.0075410862969096,,,-0.2159007283526731,2.3711425787729024
786,1.0080533072295925,,,-0.21359089934320818,2.3687716636660596
787,1.0085604833235833,,,-0.21129392420518425,2.366403151425423
788,1.0090626353636236,,,-0.20900977529666076,2.364037041401496
789,1.0095597841504864,,,-0.20673842483642166,2.3616733328855335
790,1.010051950500421,,,-0.2044798449050477,2.35931202511054
791,1.010539155244601,,,-0.2022340074459888,2.356953117252265
792,1.0110214192285705,,,-0.20000088426663687,2.3545966084301857
793,1.0114987633116923,,,-0.1977804470393991,2.352242497708483
794,1.011971208366598,,,-0.19557266730277126,2.3498907840970054
795,1.0124387752786357,,,-0.19337751646241158,2.3475414665522276
796,1.012901484945322,,,-0.19119496579221476,2.345194543978197
797,1.0133593582757918,,,-0.18902498643538618,2.342850015227474
798,1.0138124161902518,,,-0.18686754940551648,2.3405078791020606
799,1.0142606796194318,,,-0.18472262558765626,2.3381681343543224
800,1.0147041695040397,,,-0.18259018573939104,2.335830779687901
801,1.0151429067942153,,,-0.1804702004919163,2.3334958137586166
802,1.0155769124489862,,,-0.17836264035111285,2.331163235175363
803,1.0160062074357241,,,-0.176267475698622,2.3288330425009933
804,1.0164308127296027,,,-0.1741846767929213,2.326505234253198
805,1.0168507493130552,,,-0.17211421377040004,2.324179808905373
806,1.017266038175235,,,-0.17005605664643494,2.3218567648874773
807,1.0176767003114746,,,-0.16801017531646592,2.319536100586887
808,1.0180827567227486,,,-0.16597653955707176,2.317217814349236
809,1.0184842284151354,,,-0.16395511902704607,2.314901904479249
810,1.0188811363992807,,,-0.1619458832684729,2.3125883692415705
811,1.0192735016898626,,,-0.15994880170780257,2.310277206861576
812,1.0196613453050576,,,-0.1579638436569273,2.307968415526184
813,1.0200446882660072,,,-0.15599097831425687,2.3056619933846547
814,1.0204235515962865,,,-0.15403017476579414,2.3033579385493805
815,1.0207979563213732,,,-0.15208140198621048,2.3010562490966704
816,1.021167923468118,,,-0.1501446288399209,2.2987569230675224
817,1.0215334740642168,,,-0.14821982408215933,2.296459958468391
818,1.021894629137684,,,-0.1463069563600534,2.2941653532719437
819,1.022251409716326,,,-0.14440599421369918,2.291873105417812
820,1.0226038368272172,,,-0.14251690607723566,2.2895832128133318
821,1.0229519314961768,,,-0.14063966027991895,2.2872956733342757
822,1.0232957147472472,,,-0.13877422504719622,2.285010484825579
823,1.0236352076021733,,,-0.1369205685017793,2.2827276451020557
824,1.0239704310798832,,,-0.13507865866471802,2.280447151949107
825,1.0243014061959708,,,-0.13324846345647318,2.2781690031234225
826,1.0246281539621793,,,-0.13142995069798905,2.2758931963536715
827,1.0249506953858865,,,-0.12962308811176557,2.273619729341188
828,1.0252690514695908,,,-0.12782784332293018,2.2713485997606475
829,1.0255832432103997,,,-0.12604418386030905,2.2690798052607355
830,1.0258932915995187,,,-0.12427207715749797,2.2668133434648072
831,1.0261992176217423,,,-0.12251149055393261,2.264549211971542
832,1.0265010422549465,,,-0.12076239129595844,2.262287408355586
833,1.0267987864695831,,,-0.11902474653789992,2.2600279301681927
834,1.027092471228174,,,-0.11729852334312925,2.2577707749378497
835,1.0273821174848092,,,-0.11558368868513448,2.255515940170901
836,1.0276677461846448,,,-0.11388020944858694,2.253263423352162
837,1.0279493782634037,,,-0.11218805243040818,2.2510132219455254
838,1.0282270346468763,,,-0.11050718434083602,2.248765333394561
839,1.0285007362504246,,,-0.10883757180449014,2.246519755123106
840,1.0287705039784871,,,-0.10717918136143674,2.2442764845358503
841,1.0290363587240852,,,-0.10553197946825263,2.242035519018911
842,1.0292983213683315,,,-0.10389593249908839,2.239796855940404
843,1.02955641277994,,,-0.10227100674673087,2.2375604926510038
844,1.0298106538147371,,,-0.10065716842366476,2.2353264264844985
845,1.0300610653151756,,,-0.09905438366313336,2.2330946547583372
846,1.0303076681098493,,,-0.09746261852019852,2.230865174774171
847,1.0305504830130103,,,-0.09588183897279955,2.228637983818382
848,1.0307895308240869,,,-0.09431201092281134,2.226413079162613
849,1.0310248323272044,,,-0.09275310019710149,2.2241904580642835
850,1.031256408290707,,,-0.09120507254858638,2.221970117767103
851,1.0314842794666816,,,-0.08966789365728638,2.219752055501573
852,1.031708466590484,,,-0.08814152913137989,2.2175362684854854
853,1.0319289903802658,,,-0.0866259445082564,2.215322753924414
854,1.0321458715365037,,,-0.08512110525556853,2.2131115090121964
855,1.0323591307415314,,,-0.08362697677228277,2.2109025309314116
856,1.0325687886590722,,,-0.08214352438972931,2.2086958168538495
857,1.0327748659337739,,,-0.08067071337265057,2.2064913639409744
858,1.0329773831907458,,,-0.07920850892024858,2.2042891693443813
859,1.0331763610350975,,,-0.07775687616723118,2.2020892302062456
860,1.0333718200514792,,,-0.07631578018485691,2.1998915436597652
861,1.0335637808036249,,,-0.07488518598197876,2.1976961068295995
862,1.033752263833896,,,-0.07346505850608646,2.195502916832297
863,1.0339372896628292,,,-0.07205536264434768,2.1933119707767204
864,1.0341188787886832,,,-0.07065606322464763,2.191123265764462
865,1.034297051686991,,,-0.06926712501662749,2.1889367988902566
866,1.0344718288101102,,,-0.06788851273272138,2.186752567242384
867,1.0346432305867794,,,-0.06652019102919197,2.1845705679030676
868,1.0348112774216736,,,-0.06516212450716447,2.182390797948867
869,1.0349759896949624,,,-0.06381427771365934,2.180213254451061
870,1.0351373877618717,,,-0.062476615142623496,2.1780379344760306
871,1.0352954919522448,,,-0.061149101235959825,2.1758648350856293
872,1.0354503225701082,,,-0.059831700384555334,2.1736939533375526
873,1.0356018998932375,,,-0.05852437692930761,2.1715252862856964
874,1.0357502441727262,,,-0.057227095162149785,2.1693588309805145
875,1.0358953756325573,,,-0.055939819327073766,2.167194584469368
876,1.0360373144691752,,,-0.05466251362115188,2.165032543796866
877,1.0361760808510616,,,-0.05339514219555686,2.1628727060052055
878,1.036311694918312,,,-0.05213766915658006,2.1607150681345035
879,1.0364441767822155,,,-0.050890058566648015,2.1585596272231204
880,1.036573546524836,,,-0.04965227444533722,2.1564063803079825
881,1.0366998241985963,,,-0.04842428077038713,2.1542553244248963
882,1.0368230298258632,,,-0.04720604147871133,2.1521064566088564
883,1.0369431833985354,,,-0.04599752046740696,2.1499597738943494
884,1.0370603048776346,,,-0.044798681594762184,2.1478152733156537
885,1.0371744141928965,,,-0.043609488681261875,2.1456729519071285
886,1.0372855312423663,,,-0.04242990551059132,2.1435328067035035
887,1.0373936758919953,,,-0.04125989583063808,2.14139483474016
888,1.0374988679752388,,,-0.04009942335449179,2.139259033053407
889,1.037601127292659,,,-0.03894845176144209,2.1371253986807517
890,1.037700473611527,,,-0.03780694469797449,2.134993928661166
891,1.0377969266654286,,,-0.03667486577876421,2.132864620035347
892,1.037890506153873,,,-0.035552178587667994,2.1307374698459736
893,1.0379812317419022,,,-0.03443884667871385,2.1286124751379543
894,1.0380691230597034,,,-0.03333483357708867,2.1264896329586747
895,1.0381541997022246,,,-0.032240102780123715,2.124368940358238
896,1.0382364812287899,,,-0.031154617758277985,2.1222503943896998
897,1.0383159871627206,,,-0.030078341956119404,2.120133992109297
898,1.0383927369909551,,,-0.0290112387933038,2.118019730576677
899,1.0384667501636742,,,-0.027953271665551657,2.115907606855115
900,1.0385380460939262,,,-0.026904403945622657,2.1137976180117324
901,1.038606644157256,,,-0.025864598984287907,2.1116897611177077
902,1.0386725636913352,,,-0.02483382011129991,2.109584033248482
903,1.0387358239955964,,,-0.023812030636360206,2.1074804314839635
904,1.0387964443308675,,,-0.022799193850084675,2.105378952908722
905,1.0388544439190102,,,-0.021795273024966477,2.103279594612184
906,1.03890984194256,,,-0.02080023141633661,2.1011823536888206
907,1.0389626575443687,,,-0.019814032263322044,2.0990872272383316
908,1.0390129098272491,,,-0.01883663878980145,2.096994212365825
909,1.0390606178536228,,,-0.01786801420535845,2.094903306181992
910,1.0391058006451694,,,-0.016908121706232408,2.0928145058032785
911,1.0391484771824786,,,-0.015956924476266694,2.0907278083520513
912,1.0391886664047045,,,-0.015014385687854454,2.088643210956762
913,1.0392263872092227,,,-0.014080468502881818,2.086560710752104
914,1.0392616584512893,,,-0.013155136073668547,2.0844803048791656
915,1.0392944989437025,,,-0.012238351543906074,2.082401990485584
916,1.0393249274564664,,,-0.011330078049592962,2.0803257647256874
917,1.0393529627164582,,,-0.010430278719967703,2.0782516247606395
918,1.0393786234070956,,,-0.009538916678438862,2.0761795677585773
919,1.0394019281680096,,,-0.008655955043512562,2.0741095908947442
920,1.0394228955947171,,,-0.007781356929717243,2.0720416913516226
921,1.0394415442382978,,,-0.0069150854485257275,2.069975866319059
922,1.039457892605072,,,-0.006057103709274513,2.067912112994388
923,1.0394719591562818,,,-0.005207374820080328,2.0658504285825487
924,1.039483762307775,,,-0.004365861888753889,2.063790810296205
925,1.0394933204296906,,,-0.003532528023710848,2.0617332553558527
926,1.0395006518461465,,,-0.002707336334879928,2.0596777609899313
927,1.039505774834932,,,-0.0018902499346081982,2.057624324434926
928,1.0395087076271987,,,-0.0010812319385634776,2.0555729429354725
929,1.0395094684071586,,,-0.00028024546663386787,2.05352361374445
930,1.0395080753117807,,,0.0005127463561756442,2.051476334123081
931,1.0395045464304917,,,0.0012977803988495022,2.049431101341017
932,1.0394988998048798,,,0.002074893523470842,2.047387912676431
933,1.0394911534283997,,,0.0028441225843337295,2.045346765416098
934,1.0394813252460813,,,0.003605504427058387,2.043307656855478
935,1.0394694331542393,,,0.00435907588770943,2.041270584298795
936,1.0394554950001873,,,0.005104873791917123,2.0392355450591104
937,1.0394395285819522,,,0.005842934954001698,2.0372025364583943
938,1.039421551647993,,,0.006573296176100726,2.035171555827595
939,1.0394015818969211,,,0.007295994247299579,2.033142600506705
940,1.039379636977223,,,0.008011065942765006,2.031115667844822
941,1.0393557344869861,,,0.008718548022881816,2.029090755200211
942,1.0393298919736265,,,0.009418477232392721,2.0270678599403587
943,1.0393021269336193,,,0.010110890299541323,2.025046979442029
944,1.0392724568122322,,,0.010795823935218296,2.023028111091313
945,1.0392408990032602,,,0.011473314832110757,2.021011252283678
946,1.039207470848764,,,0.012143399663854854,2.0189964004240126
947,1.0391721896388102,,,0.012806115084191586,2.01698355292667
948,1.0391350726112147,,,0.013461497726125874,2.0149727072155077
949,1.0390961369512879,,,0.014109584201088909,2.012963860723925
950,1.0390553997915828,,,0.014750411098103778,2.0109570108948995
951,1.0390128782116455,,,0.015384014982954396,2.0089521551810163
952,1.038968589237768,,,0.016010432397357763,2.006949291044501
953,1.0389225498427441,,,0.016629699858139547,2.0049484159572453
954,1.0388747769456275,,,0.017241853856413036,2.002949527400833
955,1.0388252874114916,,,0.017846930856761454,2.0009526228665626
956,1.0387740980511935,,,0.018444967296423673,1.9989576998554663
957,1.038721225621139,,,0.019035999584483307,1.9969647558783297
958,1.0386666868230514,,,0.019620064101061256,1.9949737884557057
959,1.038610498303741,,,0.02019719719651167,1.9929847951179296
960,1.0385526766548792,,,0.020767435190621374,1.9909977734051287
961,1.0384932384127739,,,0.021330814371812744,1.9890127208672326
962,1.0384322000581474,,,0.021887370996350096,1.9870296350639793
963,1.0383695780159177,,,0.02243714128754954,1.9850485135649207
964,1.0383053886549805,,,0.0229801614349924,1.9830693539494244
965,1.0382396482879963,,,0.023516467593742086,1.981092153806675
966,1.038172373171178,,,0.024046095883564593,1.9791169107356732
967,1.0381035795040816,,,0.024569082388152506,1.9771436223452317
968,1.0380332834293993,,,0.025085463154352613,1.9751722862539705
969,1.0379615010327556,,,0.025595274191397073,1.9732029000903102
970,1.0378882483425056,,,0.026098551470138214,1.9712354614924625
971,1.0378135413295355,,,0.02659533092228694,1.9692699681084198
972,1.0377373959070662,,,0.027085648439654785,1.967306417595943
973,1.0376598279304585,,,0.02756953987339956,1.9653448076225464
974,1.0375808531970225,,,0.028047041033274735,1.963385135865483
975,1.0375004874458278,,,0.028518187686882437,1.9614274000117256
976,1.0374187463575162,,,0.02898301555893017,1.9594715977579484
977,1.0373356455541187,,,0.029441560330491192,1.9575177268105064
978,1.0372512005988732,,,0.029893857638268656,1.9555657848854116
979,1.0371654269960453,,,0.030339943073863434,1.9536157697083105
980,1.0370783401907517,,,0.030779852183045707,1.9516676790144576
981,1.0369899555687867,,,0.031213620465030283,1.9497215105486883
982,1.036900288456449,,,0.031641283371755716,1.9477772620653915
983,1.0368093541203744,,,0.03206287630716714,1.9458349313284788
984,1.0367171677673677,,,0.03247843462650296,1.9438945161113534
985,1.0366237445442388,,,0.03288799363558528,1.9419560141968775
986,1.0365290995376415,,,0.03329158859011421,1.9400194233773382
987,1.0364332477739138,,,0.0336892546949659,1.938084741454413
988,1.0363362042189213,,,0.03408102710349452,1.9361519662391318
989,1.0362379837779028,,,0.034466940916837996,1.9342210955518409
990,1.036138601295319,,,0.03484703118322768,1.9322921272221623
991,1.0360380715547026,,,0.03522133289730178,1.9303650590889543
992,1.0359364092785117,,,0.03558988099942281,1.928439889000271
993,1.0358336291279855,,,0.035952710374998816,1.926516614813318
994,1.0357297457030024,,,0.03630985585380854,1.9245952343944106
995,1.0356247735419404,,,0.036661352209330506,1.922675745618928
996,1.03551872712154,,,0.037007234158076004,1.9207581463712686
997,1.0354116208567705,,,0.03734753635892604,1.9188424345448027
998,1.0353034691006968,,,0.037682293412472194,1.9169286080418246
999,1.0351942861443506,,,0.03801153986036141,1.915016664773505
1000,1.0350840862166026,,,0.03833531018464481,1.9131066026598404
1001,1.0349728834840388,,,0.038653638807130415,1.9111984196296032
1002,1.034860692050837,,,0.03896656008873989,1.9092921136202903
1003,1.0347475259586478,,,0.039274108328869226,1.907387682578071
1004,1.034633399186477,,,0.03957631776475349,1.9054851244577338
1005,1.03451832565057,,,0.03987322257083549,1.903584437222633
1006,1.0344023192043004,,,0.04016485685813853,1.9016856188446332
1007,1.034285393638059,,,0.040451254673643154,1.899788667304055
1008,1.0341675626791464,,,0.0407324499996679,1.8978935805896187
1009,1.0340488399916679,,,0.041008476753254156,1.8960003566983867
1010,1.0339292391764296,,,0.04127936878555497,1.8941089936357074
1011,1.0338087737708397,,,0.04154515988122801,1.892219489415156
1012,1.0336874572488088,,,0.04180588375783253,1.8903318420584765
1013,1.033565303020655,,,0.04206157406523038,1.8884460495955215
1014,1.0334423244330104,,,0.04231226438499118,1.8865621100641934
1015,1.0333185347687304,,,0.04255798822980148,1.8846800215103832
1016,1.033193947246805,,,0.04279877904287807,1.8827997819879092
1017,1.0330685750222726,,,0.04303467019738539,1.8809213895584567
1018,1.0329424311861366,,,0.04326569499585699,1.8790448422915143
1019,1.0328155287652836,,,0.043491886669621144,1.8771701382643124
1020,1.0326878807224047,,,0.0437132783782306,1.8752972755617607
1021,1.0325594999559187,,,0.043929903208896386,1.8734262522763834
1022,1.0324303992998978,,,0.04414179417592579,1.8715570665082566
1023,1.0323005915239956,,,0.04434898422016449,1.8696897163649433
1024,1.0321700893333776,,,0.044551506208442754,1.8678241999614296
1025,1.0320389053686538,,,0.04474939293302588,1.865960515420059
1026,1.0319070522058142,,,0.044942677111068696,1.8640986608704677
1027,1.0317745423561655,,,0.0451313913840743,1.8622386344495192
1028,1.0316413882662714,,,0.04531556831735687,1.8603804343012373
1029,1.0315076023178942,,,0.04549524039950873,1.858524058576742
1030,1.0313731968279398,,,0.04567044004187153,1.8566695054341806
1031,1.0312381840484037,,,0.04584119957801161,1.854816773038663
1032,1.0311025761663204,,,0.04600755126319957,1.8529658595621952
1033,1.0309663853037145,,,0.04616952727389398,1.8511167631836096
1034,1.0308296235175542,,,0.04632715970722933,1.8492694820885012
1035,1.0306923027997075,,,0.04648048058050812,1.8474240144691576
1036,1.0305544350768996,,,0.046629521830697185,1.845580358524493
1037,1.0304160322106741,,,0.0467743153139282,1.84373851245998
1038,1.0302771059973554,,,0.0469148928050024,1.841898474487582
1039,1.0301376681680137,,,0.047051285996899485,1.8400602428256845
1040,1.0299977303884316,,,0.047183526500290764,1.8382238156990292
1041,1.0298573042590744,,,0.04731164584305649,1.8363891913386439
1042,1.0297164013150613,,,0.04743567546980741,1.8345563679817756
1043,1.0295750330261393,,,0.04755564674141056,1.8327253438718223
1044,1.0294332107966597,,,0.04767159093451923,1.8308961172582643
1045,1.0292909459655561,,,0.04778353924110724,1.8290686863965973
1046,1.0291482498063254,,,0.04789152276800729,1.8272430495482628
1047,1.02900513352701,,,0.04799557253645372,1.8254192049805815
1048,1.0288616082701836,,,0.048095719481629384,1.8235971509666844
1049,1.0287176851129374,,,0.048191994452216766,1.8217768857854455
1050,1.0285733750668706,,,0.04828442820995335,1.8199584077214128
1051,1.0284286890780814,,,0.04837305142919123,1.8181417150647423
1052,1.0282836380271605,,,0.04845789469646095,1.8163268061111284
1053,1.028138232729188,,,0.04853898851003955,1.8145136791617376
1054,1.0279924839337304,,,0.04861636327952291,1.8127023325231404
1055,1.0278464023248417,,,0.04869004932540229,1.8108927645072443
1056,1.027699998521065,,,0.048760076878645094,1.8090849734312269
1057,1.0275532830754381,,,0.04882647608027995,1.807278957617468
1058,1.0274062664754993,,,0.04888927698098591,1.8054747153934834
1059,1.0272589591432966,,,0.04894850954068604,1.8036722450918583
1060,1.0271113714353985,,,0.04900420362814511,1.8018715450501808
1061,1.0269635136429074,,,0.04905638902057163,1.8000726136109748
1062,1.0268153959914743,,,0.04910509540322406,1.7982754491216357
1063,1.0266670286413164,,,0.04915035236902131,1.7964800499343627
1064,1.0265184216872363,,,0.04919218941815742,1.7946864144060946
1065,1.0263695851586434,,,0.04923063595772057,1.7928945408984436
1066,1.0262205290195776,,,0.049265721301316234,1.791104427777631
1067,1.026071263168735,,,0.04929747466869462,1.7893160734144216
1068,1.025921797439495,,,0.049325925185382376,1.78752947618406
1069,1.0257721415999506,,,0.04935110188231845,1.785744634466206
1070,1.0256223053529399,,,0.04937303369549427,1.7839615466448704
1071,1.0254722983360796,,,0.04939174946559813,1.782180211108352
1072,1.0253221301218016,,,0.04940727793766374,1.7804006262491736
1073,1.0251718102173903,,,0.049419647760723134,1.7786227904640202
1074,1.0250213480650223,,,0.049428887487463706,1.7768467021536747
1075,1.0248707530418086,,,0.04943502557388951,1.775072359722957
1076,1.0247200344598386,,,0.04943809037898679,1.7732997615806614
1077,1.0245692015662256,,,0.0494381101643937,1.7715289061394954
1078,1.0244182635431547,,,0.04943511309407427,1.7697597918160184
1079,1.0242672295079327,,,0.049429127233996624,1.7679924170305803
1080,1.0241161085130401,,,0.04942018055181532,1.7662267802072615
1081,1.0239649095461847,,,0.04940830091655797,1.7644628797738136
1082,1.023813641530357,,,0.04939351609831609,1.762700714161598
1083,1.023662313323888,,,0.04937585376794007,1.7609402818055282
1084,1.0235109337205093,,,0.04935534149673843,1.7591815811440101
1085,1.0233595114494134,,,0.04933200675618123,1.7574246106188838
1086,1.0232080551753184,,,0.04930587691760768,1.7556693686753655
1087,1.0230565734985326,,,0.049276979251937976,1.7539158537619903
1088,1.0229050749550217,,,0.04924534092938925,1.7521640643305543
1089,1.0227535680164783,,,0.049210989019195794,1.7504139988360585
1090,1.0226020610903925,,,0.0491739504893334,1.7486656557366524
1091,1.0224505625201248,,,0.04913425220624792,1.746919033493578
1092,1.022299080584981,,,0.04909192093458793,1.7451741305711144
1093,1.0221476235002889,,,0.04904698333694167,1.7434309454365229
1094,1.021996199417476,,,0.04899946597357804,1.7416894765599933
1095,1.021844816424151,,,0.04894939530219178,1.7399497224145886
1096,1.0216934825441844,,,0.04889679767765288,1.7382116814761923
1097,1.0215422057377934,,,0.04884169935176004,1.7364753522234557
1098,1.021390993901628,,,0.04878412647299831,1.7347407331377445
1099,1.0212398548688568,,,0.04872410508630089,1.733007822703087
1100,1.0210887964092583,,,0.04866166113281502,1.7312766194061233
1101,1.0209378262293105,,,0.048596820449672035,1.7295471217360532
1102,1.020786951972285,,,0.04852960876976152,1.727819328184586
1103,1.0206361812183402,,,0.048460051721509606,1.7260932372458904
1104,1.0204855214846191,,,0.04838817482866131,1.7243688474165457
1105,1.0203349802253465,,,0.04831400351006708,1.7226461571954912
1106,1.0201845648319292,,,0.04823756307947334,1.7209251650839787
1107,1.0200342826330575,,,0.04815887874531719,1.7192058695855246
1108,1.019884140894809,,,0.048077975610525174,1.7174882692058615
1109,1.0197341468207524,,,0.047994878672316096,1.715772362452892
1110,1.0195843075520556,,,0.04790961282200799,1.7140581478366421
1111,1.0194346301675936,,,0.04782220284482902,1.7123456238692147
1112,1.019285121684058,,,0.0477326734197326,1.7106347890647444
1113,1.0191357890560695,,,0.04764104911921643,1.7089256419393533
1114,1.0189866391762912,,,0.047547354409145655,1.7072181810111051
1115,1.0188376788755433,,,0.04745161364858002,1.7055124047999628
1116,1.0186889149229204,,,0.04735385108960508,1.7038083118277445
1117,1.018540354025909,,,0.04725409087716744,1.7021059006180808
1118,1.0183920028305082,,,0.04715235704891395,1.7004051696963722
1119,1.0182438679213512,,,0.047048673535034974,1.6987061175897484
1120,1.0180959558218279,,,0.04694306415811165,1.6970087428270257
1121,1.0179482729942102,,,0.04683555263296709,1.6953130439386672
1122,1.0178008258397784,,,0.04672616256652162,1.6936190194567424
1123,1.0176536206989486,,,0.04661491745765197,1.6919266679148879
1124,1.0175066638514028,,,0.046501840697054424,1.690235987848268
1125,1.0173599615162194,,,0.046386955567111934,1.6885469777935365
1126,1.0172135198520063,,,0.046270285241765206,1.6868596362887982
1127,1.0170673449570342,,,0.04615185278638768,1.6851739618735722
1128,1.0169214428693731,,,0.046031681157664484,1.6834899530887542
1129,1.0167758195670291,,,0.045909793203475296,1.6818076084765807
1130,1.016630480968083,,,0.04578621166278113,1.6801269265805927
1131,1.0164854329308304,,,0.04566095916551498,1.678447905945601
1132,1.0163406812539233,,,0.045534058232476436,1.6767705451176511
1133,1.0161962316765134,,,0.045405531275230136,1.6750948426439887
1134,1.0160520898783965,,,0.0452754005960081,1.6734207970730266
1135,1.0159082614801582,,,0.04514368838761595,1.6717484069543114
1136,1.0157647520433222,,,0.04501041673334295,1.6700776708384903
1137,1.0156215670704982,,,0.044875607606875964,1.6684085872772798
1138,1.0154787120055326,,,0.04473928287221717,1.6667411548234334
1139,1.0153361922336603,,,0.04460146428360565,1.6650753720307114
1140,1.0151940130816577,,,0.044462173485442805,1.6634112374538497
1141,1.015052179817997,,,0.04432143201222153,1.66174874964853
1142,1.0149106976530025,,,0.044179261288459254,1.6600879071713504
1143,1.014769571739007,,,0.044035682628634706,1.658428708579797
1144,1.0146288071705116,,,0.0438907172371285,1.6567711524322146
1145,1.0144884089843447,,,0.043744386208167445,1.6551152372877793
1146,1.0143483821598234,,,0.043596710525772665,1.6534609617064713
1147,1.0142087316189161,,,0.043447711063711404,1.651808324249047
1148,1.014069462226407,,,0.04329740858545261,1.650157323477015
1149,1.0139305787900605,,,0.043145823744126226,1.6485079579526074
1150,1.013792086060788,,,0.04299297708248617,1.6468602262387564
1151,1.013653988732816,,,0.04283888903287707,1.6452141268990692
1152,1.0135162914438545,,,0.04268357991720462,1.6435696584978035
1153,1.013378998775268,,,0.042527069946909656,1.6419268195998433
1154,1.0132421152522466,,,0.04236937922294592,1.6402856087706765
1155,1.013105645343979,,,0.042210527735761394,1.6386460245763712
1156,1.0129695934638268,,,0.04205053536528336,1.6370080655835544
1157,1.0128339639694988,,,0.041889421880907066,1.635371730359389
1158,1.0126987611632288,,,0.04172720694148797,1.6337370174715544
1159,1.0125639892919522,,,0.041563910095337664,1.6321039254882233
1160,1.0124296525474856,,,0.04139955078022333,1.6304724529780428
1161,1.0122957550667062,,,0.041234148323370814,1.6288425985101145
1162,1.012162300931733,,,0.041067721941471236,1.627214360653975
1163,1.0120292941701101,,,0.04090029074069118,1.625587737979577
1164,1.0118967387549886,,,0.04073187371668647,1.6239627290572702
1165,1.0117646386053127,,,0.040562489754619374,1.622339332457785
1166,1.0116329975860048,,,0.04039215762917943,1.6207175467522135
1167,1.011501819508152,,,0.04022089600460773,1.6190973705119927
1168,1.0113711081291947,,,0.04004872343472469,1.6174788023088886
1169,1.0112408671531152,,,0.039875658362961336,1.61586184071498
1170,1.0111111002306281,,,0.03970171912239402,1.6142464843026425
1171,1.0109818109593713,,,0.039526923935782644,1.612632731644533
1172,1.010853002884098,,,0.03935129091561224,1.6110205813135763
1173,1.0107246794968705,,,0.03917483806413808,1.6094100318829492
1174,1.0105968442372542,,,0.038997583273434104,1.6078010819260675
1175,1.0104695004925126,,,0.03881954432544485,1.6061937300165727
1176,1.0103426515978047,,,0.03864073889204065,1.6045879747283185
1177,1.0102163008363811,,,0.03846118453507633,1.6029838146353583
1178,1.010090451439783,,,0.038280898706453195,1.601381248311934
1179,1.0099651065880415,,,0.03809989874818433,1.5997802743324632
1180,1.0098402694098774,,,0.03791820189246331,1.598180891271528
1181,1.0097159429829032,,,0.037735825261736224,1.5965830977038649
1182,1.0095921303338249,,,0.037552785868776924,1.5949868922043533
1183,1.0094688344386447,,,0.037369100616765655,1.5933922733480064
1184,1.0093460582228655,,,0.03718478629937089,1.591799239709961
1185,1.009223804561696,,,0.03699985960083449,1.5902077898654683
1186,1.0091020762802558,,,0.036814337096060065,1.588617922389885
1187,1.0089808761537833,,,0.03662823525070458,1.5870296358586657
1188,1.008860206907842,,,0.036441570421273196,1.585442928847353
1189,1.0087400712185302,,,0.03625435885521731,1.5838577999315715
1190,1.0086204717126892,,,0.03606661669103574,1.5822742476870195
1191,1.0085014109681143,,,0.035878359958379166,1.5806922706894628
1192,1.0083828915137656,,,0.03568960457815766,1.5791118675147273
1193,1.0082649158299797,,,0.0355003663626514,1.577533036738693
1194,1.0081474863486826,,,0.03531066101562448,1.5759557769372892
1195,1.0080306054536026,,,0.03512050413244189,1.5743800866864872
1196,1.0079142754804853,,,0.034929911200189526,1.5728059645622965
1197,1.007798498717308,,,0.03473889759779733,1.5712334091407596
1198,1.0076832774044961,,,0.03454747859616552,1.569662418997948
1199,1.0075686137351387,,,0.03435566935829379,1.5680929927099567
1200,1.007454509855207,,,0.034163484939413624,1.5665251288529023
1201,1.0073409678637713,,,0.03397094028712363,1.5649588260029181
1202,1.0072279898132206,,,0.033778050241527816,1.5633940827361519
1203,1.0071155777094816,,,0.03358482953537695,1.5618308976287627
1204,1.0070037335122388,,,0.03339129279421281,1.5602692692569184
1205,1.0068924591351558,,,0.03319745453651545,1.558709196196794
1206,1.0067817564460961,,,0.033003329173853416,1.5571506770245689
1207,1.006671627267346,,,0.0328089310110368,1.5555937103164261
1208,1.006562073375837,,,0.03261427424627335,1.5540382946485514
1209,1.0064530965033696,,,0.032419372971327354,1.5524844285971307
1210,1.006344698336837,,,0.03222424117168147,1.5509321107383514
1211,1.0062368805184505,,,0.03202889272670139,1.549381339648401
1212,1.0061296446459642,,,0.03183334140980339,1.5478321139034672
1213,1.0060229922729014,,,0.031637600888624634,1.5462844320797375
1214,1.005916924908781,,,0.031441684725196414,1.5447382927534015
1215,1.0058114440193446,,,0.031245606376120068,1.5431936945006497
1216,1.0057065510267844,,,0.03104937919274576,1.5416506358976754
1217,1.005602247309971,,,0.03085301642135399,1.5401091155206763
1218,1.005498534204683,,,0.03065653120333987,1.5385691319458552
1219,1.0053954130038354,,,0.03045993657540013,1.537030683749423
1220,1.00529288495771,,,0.030263245469722835,1.5354937695075994
1221,1.0051909512741861,,,0.030066470714179807,1.5339583877966165
1222,1.0050896131189706,,,0.02986962503252173,1.5324245371927203
1223,1.0049888716158297,,,0.029672721044575925,1.5308922162721743
1224,1.0048887278468213,,,0.029475771266446762,1.529361423611262
1225,1.0047891828525262,,,0.02927878811071872,1.5278321577862908
1226,1.004690237632282,,,0.029081783886662056,1.526304417373594
1227,1.0045918931444153,,,0.028884770800441075,1.5247782009495365
1228,1.0044941503064766,,,0.02868776095532497,1.5232535070905175
1229,1.004397009995473,,,0.028490766351901255,1.521730334372975
1230,1.0043004730481042,,,0.028293798888291706,1.5202086813733895
1231,1.0042045402609958,,,0.028096870360370875,1.5186885466682898
1232,1.0041092123909356,,,0.027899992461987082,1.5171699288342568
1233,1.0040144901551096,,,0.027703176785185923,1.5156528264479283
1234,1.0039203742313367,,,0.027506434820436257,1.5141372380860052
1235,1.0038268652583067,,,0.027309777956858627,1.5126231623252557
1236,1.0037339638358158,,,0.027113217482456174,1.5111105977425212
1237,1.0036416705250046,,,0.02691676458434793,1.5095995429147224
1238,1.003549985848595,,,0.026720430349004544,1.5080899964188645
1239,1.0034589102911282,,,0.0265242257624864,1.5065819568320438
1240,1.0033684442992024,,,0.026328161710684098,1.5050754227314533
1241,1.0032785882817117,,,0.026132248979561304,1.5035703926943897
1242,1.0031893426100844,,,0.025936498255399926,1.5020668652982598
1243,1.0031007076185219,,,0.025740920125047615,1.5005648391205866
1244,1.0030126836042381,,,0.02554552507616758,1.4990643127390169
1245,1.0029252708276986,,,0.025350323497490664,1.4975652847313279
1246,1.0028384695128603,,,0.02515532567906973,1.4960677536754343
1247,1.0027522798474118,,,0.02496054181253624,1.4945717181493956
1248,1.002666701983013,,,0.02476598199135911,1.4930771767314237
1249,1.002581736035536,,,0.02457165621110578,1.4915841279998903
1250,1.0024973820853047,,,0.024377574369705442,1.490092570533334
1251,1.0024136401773367,,,0.02418374626771448,1.48860250291047
1252,1.0023305103215834,,,0.02399018160858407,1.4871139237101951
1253,1.0022479924931713,,,0.023796889998929895,1.4856268315115984
1254,1.0021660866326436,,,0.023603880948804022,1.4841412248939678
1255,1.0020847926462009,,,0.023411163871968853,1.482657102436799
1256,1.0020041104059434,,,0.02321874808617318,1.4811744627198036
1257,1.0019240397501121,,,0.023026642813430316,1.4796933043229177
1258,1.001844580483331,,,0.022834857180298256,1.4782136258263108
1259,1.0017657323768483,,,0.022643400218161892,1.476735425810393
1260,1.0016874951687795,,,0.02245228086351724,1.475258702855826
1261,1.0016098685643484,,,0.022261507958257654,1.4737834555435299
1262,1.0015328522361298,,,0.022071090249962046,1.4723096824546935
1263,1.0014564458242912,,,0.02188103639218502,1.4708373821707827
1264,1.001380648936836,,,0.021691354944748994,1.4693665532735498
1265,1.001305461149845,,,0.021502054374038224,1.4678971943450423
1266,1.0012308820077194,,,0.021313143053294743,1.4664293039676124
1267,1.0011569110234224,,,0.021124629262916184,1.4649628807239268
1268,1.001083547678722,,,0.02093652119075547,1.4634979231969754
1269,1.0010107914244342,,,0.02074882693242236,1.4620344299700807
1270,1.0009386416806636,,,0.02056155449158682,1.4605723996269078
1271,1.0008670978370475,,,0.020374711780284223,1.4591118307514737
1272,1.0007961592529977,,,0.020188306619222333,1.457652721928157
1273,1.0007258252579423,,,0.020002346738090062,1.4561950717417071
1274,1.0006560951515688,,,0.019816839775868005,1.4547388787772546
1275,1.000586968204066,,,0.019631793281140703,1.4532841416203206
1276,1.000518443656366,,,0.019447214712410617,1.451830858856827
1277,1.0004505207203869,,,0.019263111438413832,1.4503790290731053
1278,1.0003831985792737,,,0.01907949073843743,1.4489286508559078
1279,1.0003164763876415,,,0.01889635980263853,1.4474797227924165
1280,1.000250353271817,,,0.018713725732364975,1.4460322434702535
1281,1.0001848283300794,,,0.018531595540477664,1.4445862114774903
1282,1.0001199006329031,,,0.018349976151674472,1.4431416254026588
1283,1.0000555692231985,,,0.01816887440281579,1.4416984838347608
1284,0.9999918331165536,,,0.0179882970432516,1.4402567853632777
1285,0.9999286913014752,,,0.017808250735150157,1.4388165285781813
1286,0.9998661427396298,,,0.01762874205382816,1.437377712069943
1287,0.9998041863660846,,,0.017449777488082473,1.435940334429544
1288,0.999742821089548,,,0.01727136344052334,1.4345043942484865
1289,0.9996820457926104,,,0.017093506227909068,1.433069890118802
1290,0.9996218593319841,,,0.016916212081482185,1.4316368206330625
1291,0.9995622605387439,,,0.016739487147307046,1.4302051843843908
1292,0.9995032482185664,,,0.01656333748660885,1.4287749799664697
1293,0.9994448211519703,,,0.01638776907611409,1.4273462059735527
1294,0.9993869780945553,,,0.016212787808392356,1.4259188610004734
1295,0.9993297177772418,,,0.01603839949219954,1.4244929436426563
1296,0.9992730389065092,,,0.01586460985282238,1.4230684524961268
1297,0.9992169401646352,,,0.01569142453242434,1.4216453861575205
1298,0.9991614202099339,,,0.015518849090392802,1.4202237432240938
1299,0.999106477676994,,,0.015346889003687553,1.4188035222937339
1300,0.9990521111769166,,,0.015175549667190556,1.4173847219649687
1301,0.998998319297553,,,0.015004836394056984,1.4159673408369766
1302,0.9989451006037415,,,0.014834754416067474,1.4145513775095966
1303,0.9988924536375449,,,0.01466530888398163,1.4131368305833378
1304,0.9988403769184866,,,0.014496504867892711,1.4117236986593902
1305,0.9987888689437874,,,0.014328347357583515,1.4103119803396333
1306,0.998737928188601,,,0.014160841262883427,1.4089016742266474
1307,0.9986875531062498,,,0.013993991414026612,1.4074927789237217
1308,0.9986377421284603,,,0.013827802562011342,1.4060852930348653
1309,0.998588493665598,,,0.013662279378960435,1.4046792151648164
1310,0.9985398061069013,,,0.01349742645848279,1.4032745439190522
1311,0.9984916778207166,,,0.013333248316035988,1.401871277903798
1312,0.9984441071547312,,,0.01316974938928996,1.4004694157260373
1313,0.9983970924362072,,,0.013006934038491685,1.3990689559935214
1314,0.9983506319722144,,,0.012844806546830912,1.3976698973147785
1315,0.9983047240498625,,,0.012683371120806891,1.3962722382991233
1316,0.9982593669365334,,,0.01252263189059607,1.3948759775566664
1317,0.998214558880113,,,0.012362592910420776,1.3934811136983236
1318,0.9981702981092223,,,0.01220325815891883,1.392087645335825
1319,0.9981265828334482,,,0.012044631539514088,1.3906955710817255
1320,0.998083411243574,,,0.011886716880787912,1.3893048895494113
1321,0.9980407815118092,,,0.011729517936851513,1.3879155993531118
1322,0.9979986917920186,,,0.011573038387719182,1.3865276991079072
1323,0.9979571402199517,,,0.011417281839682363,1.3851411874297375
1324,0.9979161249134711,,,0.011262251825684574,1.383756062935412
1325,0.9978756439727801,,,0.011107951805697151,1.382372324242618
1326,0.9978356954806503,,,0.01095438516709578,1.3809899699699295
1327,0.9977962775026489,,,0.01080155522503783,1.3796089987368159
1328,0.9977573880873646,,,0.010649465222840429,1.3782294091636504
1329,0.9977190252666339,,,0.010498118332359316,1.3768511998717197
1330,0.9976811870557662,,,0.010347517654368402,1.3754743694832308
1331,0.997643871453769,,,0.010197666218940043,1.3740989166213216
1332,0.9976070764435715,,,0.010048566985826022,1.372724839910067
1333,0.9975707999922492,,,0.009900222844839192,1.3713521379744897
1334,0.9975350400512464,,,0.009752636616235785,1.3699808094405659
1335,0.9974997945565992,,,0.009605811051098355,1.3686108529352357
1336,0.9974650614291574,,,0.009459748831719355,1.3672422670864095
1337,0.9974308385748056,,,0.009314452571985309,1.3658750505229773
1338,0.9973971238846848,,,0.009169924817761568,1.364509201874816
1339,0.9973639152354121,,,0.009026168047277648,1.3631447197727975
1340,0.9973312104893004,,,0.008883184671513115,1.3617816028487961
1341,0.9972990074945776,,,0.00874097703458399,1.3604198497356972
1342,0.9972673040856049,,,0.008599547414129702,1.3590594590674037
1343,0.9972360980830949,,,0.008458898021700504,1.3577004294788442
1344,0.9972053872943282,,,0.008319031003145396,1.3563427596059805
1345,0.9971751695133705,,,0.008179948439000505,1.3549864480858151
1346,0.9971454425212882,,,0.008041652344877909,1.3536314935563984
1347,0.9971162040863637,,,0.007904144671854895,1.3522778946568355
1348,0.9970874519643099,,,0.007767427306863619,1.3509256500272941
1349,0.9970591838984841,,,0.007631502073081182,1.3495747583090112
1350,0.9970313976201015,,,0.007496370730320053,1.3482252181442995
1351,0.9970040908484474,,,0.007362034975418883,1.3468770281765556
1352,0.9969772612910894,,,0.0072284964426336425,1.3455301870502656
1353,0.9969509066440883,,,0.0070957567040290945,1.3441846934110127
1354,0.9969250245922086,,,0.006963817269870568,1.3428405459054829
1355,0.9968996128091285,,,0.006832679589016034,1.3414977431814723
1356,0.9968746689576492,,,0.006702345049308444,1.3401562838878938
1357,0.9968501906899024,,,0.006572814977968344,1.3388161666747822
1358,0.9968261756475588,,,0.006444090641986709,1.3374773901933021
1359,0.9968026214620346,,,0.006316173248518018,1.336139953095753
1360,0.9967795257546977,,,0.0061890639452735294,1.3348038540355753
1361,0.9967568861370734,,,0.006062763820914748,1.3334690916673573
1362,0.9967347002110485,,,0.005937273905447068,1.33213566464684
1363,0.9967129655690758,,,0.005812595170613567,1.330803571630924
1364,0.9966916797943774,,,0.005688728530288948,1.3294728112776746
1365,0.9966708404611464,,,0.005565674840873607,1.3281433822463273
1366,0.9966504451347491,,,0.005443434901687799,1.326815283197294
1367,0.9966304913719258,,,0.005322009455365903,1.3254885127921678
1368,0.996610976720991,,,0.00520139918825076,1.3241630696937292
1369,0.9965918987220321,,,0.005081604730788072,1.3228389525659507
1370,0.9965732549071089,,,0.004962626657920834,1.3215161600740022
1371,0.9965550428004505,,,0.004844465489483803,1.320194690884256
1372,0.9965372599186525,,,0.0047271216905979754,1.3188745436642921
1373,0.9965199037708734,,,0.004610595672065045,1.3175557170829033
1374,0.9965029718590294,,,0.004494887790761863,1.3162382098100995
1375,0.9964864616779892,,,0.004379998350034831,1.3149220205171126
1376,0.9964703707157676,,,0.004265927600094266,1.3136071478764018
1377,0.9964546964537184,,,0.004152675738408675,1.312293590561657
1378,0.9964394363667264,,,0.004040242910098957,1.3109813472478045
1379,0.9964245879233983,,,0.003928629208332495,1.3096704166110102
1380,0.9964101485862533,,,0.0038178346747171354,1.3083607973286853
1381,0.9963961158119128,,,0.00370785929969503,1.3070524880794891
1382,0.9963824870512885,,,0.003598703022936335,1.3057454875433347
1383,0.9963692597497705,,,0.003490365733732742,1.304439794401391
1384,0.9963564313474143,,,0.003382847271390825,1.3031354073360888
1385,0.9963439992791262,,,0.003276147425625202,1.3018323250311228
1386,0.9963319609748496,,,0.0031702659369514737,1.3005305461714567
1387,0.9963203138597482,,,0.0030652024970789496,1.2992300694433263
1388,0.9963090553543902,,,0.0029609567493031233,1.2979308935342433
1389,0.9962981828749304,,,0.002857528288897896,1.2966330171329987
1390,0.9962876938332921,,,0.0027549166635075254,1.295336438929666
1391,0.9962775856373475,,,0.002653121373538292,1.2940411576156046
1392,0.996267855691098,,,0.0025521418725498583,1.2927471718834636
1393,0.9962585013948531,,,0.00245197756764632,1.2914544804271846
1394,0.996249520145408,,,0.0023526278198669178,1.2901630819420047
1395,0.9962409093362214,,,0.002254091944576409,1.2888729751244592
1396,0.9962326663575914,,,0.002156369211855074,1.2875841586723853
1397,0.9962247885968308,,,0.0020594588468883517,1.286296631284924
1398,0.9962172734384416,,,0.0019633600303560848,1.2850103916625235
1399,0.9962101182642883,,,0.0018680718988213555,1.2837254385069419
