t,theta_history,m_history,v_history
0,-1.5,0.0,0.0
1,-1.490000000006154,-0.16250000000000014,0.26406250000000026
2,-1.4800011455085207,-0.3197519400022133,0.5162172581446686
3,-1.4700042175946049,-0.4718623464241355,0.7569065591176694
4,-1.4600100100127407,-0.6189365747448495,0.9865603510886458
5,-1.4500193288104843,-0.7610788093449926,1.2055964273543336
6,-1.4400329919425547,-0.898392063184962,1.414420610230174
7,-1.4300518288482043,-1.0309781773341182,1.6134269370988952
8,-1.4200766799980136,-1.1589378203643974,1.8029978485170368
9,-1.410108396410211,-1.2823704876223816,1.9835043782749395
10,-1.4001478391367332,-1.4013745003944857,2.155306345300337
11,-1.3901958787193622,-1.5160470049805206,2.318752547290382
12,-1.3802533946163964,-1.6264839716914463,2.474180955951749
13,-1.3703212746004336,-1.73278019378767,2.621918913723435
14,-1.3604004141279777,-1.8350292863747286,2.762283331851987
15,-1.3504917156816971,-1.9333236852736584,2.8955808896842345
16,-1.3405960880863,-2.0277546458837556,3.0221082350381767
17,-1.3307144457991114,-2.1184122420557983,3.142152185508475
18,-1.3208477081765644,-2.2053853649940973,3.2559899305591267
19,-1.310996798717941,-2.288761722206011,3.363889234252319
20,-1.3011626442878141,-2.3686278365177253,3.4661086384592164
21,-1.2913461743187622,-2.4450690451752517,3.562897666395574
22,-1.2815483199960307,-2.5181694990496393,3.654497026322572
23,-1.2717700134259262,-2.588012161965402,3.741138815251218
24,-1.2620121867898182,-2.6546788101710788,3.8230467224869953
25,-1.2522757714857178,-2.7182500319706957,3.900436232850266
26,-1.2425616972594802,-2.7788052275346775,3.9735148294072022
27,-1.2328708913277506,-2.836422608908464,4.04248219554576
28,-1.2232042774948333,-2.8911792002367083,4.107530416231463
29,-1.2135627752657137,-2.943150838220499,4.168844178278489
30,-1.2039472989575057,-2.99241217282452,4.226600969472758
31,-1.194358756811622,-3.039036668250489,4.28097127638551
32,-1.1847980501089828,-3.0830966041925407,4.332118780718005
33,-1.175266072290582,-3.124663077389509,4.38020055402078
34,-1.1657637080857268,-3.163806003488263,4.4253672506340385
35,-1.1562918326502358,-3.200594119231408,4.4677632986994595
36,-1.146851310716865,-3.235094984981746,4.507527089097832
37,-1.137442995760173,-3.267374987594941,4.544791162171496
38,-1.1280677291779904,-3.2974993436508115,4.579682392095565
39,-1.1187263394915874,-3.3255321030526295,4.612322168767292
40,-1.1094196415665623,-3.3515361530027112,4.642826577088699
41,-1.1001484358563771,-3.3755732223614614,4.671306573523685
42,-1.0909135076703838,-3.397703886395881,4.697868159817261
43,-1.0817156264680639,-3.417987571922386,4.7226125537712225
44,-1.0725555451811066,-3.4364825628475866,4.74563635697753
45,-1.0634339995648194,-3.4532460061094983,4.76703171941783
46,-1.0543517075802438,-3.4683339180204467,4.786886500844853
47,-1.0453093688082191,-3.4818011910117477,4.805284428868916
48,-1.0363076638964994,-3.4937016007790556,4.8223052536803435
49,-1.0273472540408906,-3.504087813826106,4.838024899346239
50,-1.0184287805012353,-3.5130113954034456,4.85251561162774
51,-1.0095528641529308,-3.5205228178376133,4.8658461022715755
52,-1.0007201050745222,-3.526671469245148,4.878081689737364
53,-0.9919310821717745,-3.5315056626247716,4.889284436329677
54,-0.9831863528384815,-3.535072645320065,4.899513281711366
55,-0.9744864526541412,-3.537418608844006,4.908824172781982
56,-0.9658318951184832,-3.5385886990558246,4.917270189912296
57,-0.9572231714227115,-3.538627026679774,4.924901669532931
58,-0.9486607502571961,-3.5375766781546045,4.93176632308187
59,-0.9401450776552281,-3.5354797268017966,4.937909352322189
60,-0.9316765768723403,-3.532377244299903,4.943373561047598
61,-0.923255648300583,-3.528309312451748,4.948199463199453
62,-0.9148826694170508,-3.523315035230657,4.95242538742457
63,-0.9065579947658539,-3.5174325510913924,4.956087578108639
64,-0.8982819559726488,-3.5106990455310494,4.9592202929251386
65,-0.8900548617907583,-3.503150763884774,4.961855896944425
66,-0.8818769981778426,-3.4948230243408807,4.9640249533521725
67,-0.87374862840202,-3.4857502311596877,4.965756310830427
68,-0.865669993176278,-3.4759658880802027,4.9670771876583855
69,-0.8576413108199702,-3.4655026118986787,4.968013252593424
70,-0.8496627774461513,-3.4543921462029794,4.968588702596089
71,-0.8417345671734723,-3.442665375246689,4.968826337465509
72,-0.8338568323613312,-3.430352337946941,4.968747631454223
73,-0.826029703866955,-3.417482241990033,4.96837280193355
74,-0.8182532913230772,-3.404083478029035,4.967720875182494
75,-0.8105276834348726,-3.390183633957786,4.966809749374729
76,-0.8028529482948042,-3.375809509245903,4.965656254839498
77,-0.7952291337140528,-3.360987129319688,4.96427621167323
78,-0.7876562675692012,-3.3457417599741364,4.962684484779407
79,-0.7801343581628698,-3.330097921801576,4.960895036414713
80,-0.7726633945970164,-3.31407940462284,4.95892097631969
81,-0.7652433471576376,-3.2977092819072786,4.956774609512183
82,-0.7578741677096418,-3.2810099251683207,4.9544674818216095
83,-0.7505557901006902,-3.264003018321757,4.95201042324172
84,-0.7432881305728423,-3.246709571994364,4.949413589178917
85,-0.736071088180876,-3.2291499377709627,4.946686499672447
86,-0.7289045452161935,-3.2113438223685122,4.943838076661882
87,-0.721788367635266,-3.1933103017263162,4.940876679376235
88,-0.7147224054916108,-3.1750678350019443,4.9378101379179
89,-0.7077064933703424,-3.156634278462974,4.934645785113285
90,-0.7007404508243793,-3.13802689926518,4.9313904867006215
91,-0.6938240828114375,-3.1192623891083167,4.928050669923948
92,-0.6869571801309852,-3.100356877761145,4.9246323506006915
93,-0.6801395198603807,-3.081325946447889,4.92114115872862
94,-0.6733708657894588,-3.06218464108879,4.9175823626962725
95,-0.6666509688528794,-3.042947485387961,4.913960892159213
96,-0.6599795675595939,-3.023628493762211,4.9102813596426795
97,-0.6533563884188308,-3.0042411841050143,4.906548080929389
98,-0.6467811463620451,-2.984798590380272,4.902765094289448
99,-0.6402535451603161,-2.9653132750409776,4.8989361786074435
100,-0.6337732778367227,-2.945797341268362,4.89506487045999
101,-0.6273400270732623,-2.9262624450275183,4.891154480195112
102,-0.6209534656119192,-2.9067198069359566,4.887208107063053
103,-0.6146132566495258,-2.8871802239419364,4.883228653446228
104,-0.6083190542260948,-2.8676540808098387,4.8792188382342845
105,-0.6020705036063355,-2.8481513614102143,4.875181209388396
106,-0.5958672416541012,-2.8286816598125224,4.871118155737199
107,-0.589708897199543,-2.8092541911789315,4.867031918045029
108,-0.5835950913987789,-2.7898778024578865,4.862924599391429
109,-0.5775254380859125,-2.770560982876478,4.858798174899241
110,-0.5714995441172644,-2.7513118742309586,4.854654500846964
111,-0.5655170097077031,-2.73213828097504,4.850495323199499
112,-0.559577428758987,-2.713047680105895,4.846322285589837
113,-0.5536803891800515,-2.6940472308480348,4.8421369367827785
114,-0.547825473199196,-2.675143784135504,4.837940737650295
115,-0.5420122576681448,-2.6563438918930475,4.833735067686758
116,-0.5362403143579747,-2.6376538161171426,4.829521231090891
117,-0.5305092102469195,-2.6190795377579823,4.825300462439981
118,-0.5248185078000752,-2.6006267654037027,4.821073931980632
119,-0.5191677652410476,-2.58230094376831,4.816842750559105
120,-0.5135565368155938,-2.564107261984948,4.812607974213115
121,-0.5079843730473244,-2.5460506617062837,4.808370608445844
122,-0.5024508209855414,-2.528135845013953,4.8041316122018
123,-0.49695542444529994,-2.510367282139111,4.799891901563161
124,-0.4914977242397885,-2.4927492189962837,4.795652353184195
125,-0.4860772584051327,-2.475285684532795,4.791413807480437
126,-0.48069356241773376,-2.457980497896172,4.787177071588332
127,-0.47534616940425933,-2.440837275421997,4.78294292211025
128,-0.4700346103444116,-2.423859437444769,4.77871210765886
129,-0.4647584142666007,-2.407050214934402,4.774485351214149
130,-0.4595171084366578,-2.3904126559610503,4.77026335230551
131,-0.4543102185397238,-2.3739496319910094,4.766046789030689
132,-0.4491372688554556,-2.357663844016486,4.761836319922639
133,-0.44399778242669113,-2.3415578285220633,4.757632585674691
134,-0.4388912812217201,-2.3256339632907324,4.753436210733835
135,-0.4338172862903053,-2.309894473052377,4.749247804771304
136,-0.42877531791360385,-2.294341434977626,4.745067964039109
137,-0.42376489574813614,-2.278976784019993,4.74089727262061
138,-0.41878553896395204,-2.2638023181092435,4.736736303582756
139,-0.4138367663771428,-2.2488197031989228,4.732585620037095
140,-0.40891809657684813,-2.234030478170984,4.728445776116249
141,-0.40402904804690654,-2.2194360596004477,4.724317317872098
142,-0.399169139282296,-2.205037746383013,4.720200784101515
143,-0.394337888900512,-2.1908367242285336,4.716096707105137
144,-0.3895348157480271,-2.1768340700232462,4.7120056133842665
145,-0.3847594390019769,-2.1630307560636286,4.70792802428067
146,-0.38001127826721337,-2.1494276541647332,4.703864456563748
147,-0.37528985366886636,-2.136025539645819,4.699815422969206
148,-0.3705946859405514,-2.122825095196083,4.695781432693099
149,-0.36592529650836014,-2.1098269146232473,4.69176299184486
150,-0.3612812075707674,-2.097031506487739,4.68776060386265
151,-0.35666194217458724,-2.0844392976251633,4.683774769894158
152,-0.352067024287107,-2.072050636559719,4.679805989145738
153,-0.34749597886452716,-2.0598657968111933,4.675854759202569
154,-0.34294833191683166,-2.0478849800981083,4.671921576322335
155,-0.338423610569211,-2.0361083194395695,4.668006935704721
156,-0.3339213431201583,-2.024535882158312,4.664111331738881
157,-0.3294410590963559,-2.0131676727874104,4.6602352582308395
158,-0.324982289304467,-2.0020036358830584,4.656379208612653
159,-0.3205445658799451,-1.9910436587457996,4.652543676135024
160,-0.3161274223329717,-1.9802875740525274,4.648729154044915
161,-0.3117303935916287,-1.9697351624015433,4.644936135749589
162,-0.30735301604241155,-1.9593861547729043,4.641165114968398
163,-0.302994827568185,-1.949240234906254,4.63741658587352
164,-0.2986553675836823,-1.9392970415982806,4.633691043220751
165,-0.29433417706864434,-1.9295561709218998,4.629988982471362
166,-0.29003079859869624,-1.9200171783692177,4.6263108999059535
167,-0.28574477637405205,-1.910679580920281,4.622657292731134
168,-0.28147565624613996,-1.901542859039572,4.619028659179799
169,-0.27722298574223614,-1.8926064586021685,4.615425498605707
170,-0.27298631408819346,-1.8838697927514365,4.6118483115729685
171,-0.268765192229349,-1.8753322436900806,4.608297599941023
172,-0.2645591728496933,-1.8669931644063342,4.604773866945612
173,-0.26036781038938017,-1.8588518803370229,4.6012776172762
174,-0.2561906610606562,-1.8509076909691946,4.597809357150248
175,-0.2520272828622854,-1.8431598713819646,4.5943695943847
176,-0.24787723559254313,-1.835607673730178,4.590958838465001
177,-0.2437400808608522,-1.8282503286714564,4.58757760061191
178,-0.23961538209813066,-1.8210870467381435,4.584226393846357
179,-0.23550270456592104,-1.8141170196556327,4.580905733052543
180,-0.2314016153643675,-1.807339421608512,4.577616135039444
181,-0.22731168343910654,-1.8007534104559233,4.57435811860088
182,-0.22323247958713496,-1.7943581288974932,4.57113220457423
183,-0.21916357646171755,-1.7881527055911537,4.567938915897909
184,-0.21510454857639516,-1.7821362562241296,4.564778777667645
185,-0.2110549723081526,-1.7763078845383378,4.561652317191604
186,-0.2070144258998042,-1.7706666833113958,4.558560064044378
187,-0.20298248946165398,-1.7652117352944123,4.5555025501198285
188,-0.19895874497248536,-1.7599421141076863,4.552480309682773
189,-0.1949427762799349,-1.7548568850954087,4.549493879419455
190,-0.1909341691003027,-1.749955106140431,4.546543798486765
191,-0.1869325110178514,-1.745235828440121,4.543630608560122
192,-0.18293739148364427,-1.7406980972443016,4.540754853879933
193,-0.17894840181397204,-1.7363409525562283,4.537917081296541
194,-0.17496513518841714,-1.7321634297975343,4.535117840313532
195,-0.1709871866476028,-1.7281645604380358,4.532357683129278
196,-0.16701415309067358,-1.724343372591262,4.529637164676592
197,-0.16304563327255336,-1.7206988915765422,4.5269568426603275
198,-0.15908122780102535,-1.7172301404484533,4.5243172775927745
199,-0.1551205391336783,-1.7139361404944002,4.521719032826672
200,-0.1511631715747624,-1.710815911701076,4.519162674585667
201,-0.14720873127199688,-1.7078684731905156,4.5166487719920205
202,-0.14325682621337163,-1.7050928436264354,4.514177897091367
203,-0.13930706622398356,-1.7024880415915182,4.511750624874312
204,-0.13535906296294833,-1.7000530859362808,4.509367533294661
205,-0.13141242992042715,-1.6977869961001346,4.5070292032840324
206,-0.12746678241480794,-1.6956887924052224,4.504736218762651
207,-0.12352173759007948,-1.6937574963235924,4.502489166646039
208,-0.11957691441343651,-1.6919921307182466,4.500288636847389
209,-0.11563193367315348,-1.690391720058573,4.498135222275334
210,-0.11168641797676394,-1.6889552906106529,4.496029518826847
211,-0.10773999174958214,-1.6876818706029109,4.493972125375014
212,-0.10379228123360297,-1.6865704903675494,4.491963643751363
213,-0.09984291448681595,-1.6856201824581936,4.490004678722479
214,-0.09589152138296847,-1.684829981744148,4.488095837960594
215,-0.0919377336118131,-1.6841989254816474,4.486237732007836
216,-0.0879811846798736,-1.6837260533624612,4.484430974233828
217,-0.08402150991176356,-1.6834104075401977,4.482676180786301
218,-0.08005834645209137,-1.68325103263463,4.4809739705343885
219,-0.07609133326798508,-1.683246975714347,4.479324965004254
220,-0.07212011115227004,-1.683397286258017,4.477729788306707
221,-0.0681443227273321,-1.6837010160945385,4.476189067056429
222,-0.0641636124496986,-1.6841572193223202,4.474703430282452
223,-0.06017762661536952,-1.6847649522079382,4.473273509329514
224,-0.056186013365930224,-1.6855232730643803,4.471899937749878
225,-0.05218842269547754,-1.6864312421090881,4.470583351185247
226,-0.04818450645839008,-1.6874879213019829,4.469324387238347
227,-0.04417391837797377,-1.6886923741636513,4.468123685333777
228,-0.040156314056013186,-1.6900436655738489,4.466981886567688
229,-0.03613135098325883,-1.6915408615504726,4.465899633545875
230,-0.03209868855088032,-1.6931830290091308,4.464877570209812
231,-0.028057988062915176,-1.6949692355034347,4.463916341650222
232,-0.024008912749742435,-1.6968985489461186,4.463016593907675
233,-0.019951127782610177,-1.6989700373110848,4.462178973759778
234,-0.01588430028924555,-1.7011827683164615,4.461404128494474
235,-0.011808099370575703,-1.7035358090887445,4.460692705668947
236,-0.007722196118587561,-1.7060282258080894,4.46004535285367
237,-0.003626263635354127,-1.7086590833348099,4.459462717361062
238,0.0004800229467454703,-1.7114274448171234,4.458945445958273
239,0.004596986443585253,-1.7143323712801857,4.458494184563557
240,0.008724947596604509,-1.717372921196438,4.458109577925731
241,0.012864225048846682,-1.720548150037291,4.457792269286158
242,0.017015135319699344,-1.7238571098061588,4.457542900022763
243,0.021177992778310055,-1.7272988485528447,4.457362109275488
244,0.025353109615653336,-1.7308724098692876,4.457250533552673
245,0.02954079581522448,-1.7345768323666586,4.457208806317798
246,0.03374135912233642,-1.738411149133799,4.457237557556018
247,0.03795510501199638,-1.7423743871769883,4.457337413319955
248,0.042182336655339644,-1.7464655668410225,4.45750899525415
249,0.04642335488459816,-1.7506837012115828,4.4577529200976365
250,0.05067845815658253,-1.7550277954988707,4.458069799164051
251,0.05494794251465633,-1.7594968464024876,4.458460237798722
252,0.05923210154918249,-1.7640898414575295,4.458924834812158
253,0.06353122635642197,-1.7688057583618713,4.459464181889388
254,0.06784560549586574,-1.773643564284617,4.460078862974572
255,0.07217552494598185,-1.7786022151556868,4.460769453630339
256,0.07652126805835988,-1.7836806549365225,4.461536520371286
257,0.08088311551023596,-1.7888778148718836,4.46238061997111
258,0.0852613452553824,-1.794192612722723,4.4633022987428115
259,0.08965623247334653,-1.799623951980125,4.464302091791471
260,0.09406804951702438,-1.8051707210602959,4.465380522239064
261,0.09849706585855562,-1.810831792480607,4.466538100420812
262,0.10294354803352693,-1.8166060220166897,4.467775323052607
263,0.10740775958347198,-1.8224922478405952,4.469092672369014
264,0.11188996099665718,-1.8284892896400362,4.470490615231418
265,0.11639040964714295,-1.8345959477187395,4.471969602205897
266,0.12090935973211157,-1.8408110020779462,4.473530066610406
267,0.12544706220745352,-1.847133211479108,4.475172423530909
268,0.13000376472160502,-1.8535613124878414,4.476897068806107
269,0.13457971154763054,-1.8600940184992125,4.478704377980469
270,0.13917514351354543,-1.8667300187444382,4.480594705225272
271,0.14379029793087394,-1.8734679772791099,4.482568382227423
272,0.1484254085214401,-1.880306531953055,4.484625717045872
273,0.15308070534238855,-1.8872442933619722,4.486766992935466
274,0.15775641470943494,-1.894279843780994,4.488992467138135
275,0.16245275911834506,-1.9014117360803504,4.491302369641385
276,0.16716995716464406,-1.9086384926233253,4.493696901904084
277,0.17190822346155726,-1.9159586041467214,4.496176235549623
278,0.17666776855618568,-1.9233705286240692,4.498740511026588
279,0.18144879884391973,-1.9308726901118443,4.5013898362371405
280,0.18625151648109625,-1.9384634775789753,4.50412428513338
281,0.19107611929590404,-1.9461412437199594,4.506943896282049
282,0.19592280069754492,-1.9539043037519206,4.509848671398008
283,0.20079174958365753,-1.961750934195984,4.512838573847009
284,0.20568315024601191,-1.9696793716433623,4.515913527118373
285,0.2105971822744844,-1.9776878115065857,4.519073413268289
286,0.21553402045932205,-1.985774406756338,4.5223180713345394
287,0.22049383469170739,-1.9939372666443955,4.525647295723583
288,0.2254767898626345,-2.0021744554132006,4.529060834571003
289,0.23048304576010797,-2.01048399099264,4.532558388076501
290,0.23551275696467702,-2.018863843684633,4.536139606814682
291,0.24056607274331712,-2.027311934836174,4.539804090023051
292,0.24564313694167236,-2.0358261355015217,4.543551383868746
293,0.2507440878746714,-2.0444042650942578,4.547380979695688
294,0.2558690582155305,-2.0530440900299887,4.551292312253984
295,0.26101817488315743,-2.06174332236051,4.555284757913536
296,0.26619155892796864,-2.0704996184002935,4.559357632864011
297,0.27138932541613436,-2.079310577346208,4.56351019130346
298,0.2766115833122635,-2.0881737398914377,4.567741623618059
299,0.2818584353605419,-2.097086586834601,4.572051054555613
300,0.2871299779643356,-2.1060465376851383,4.576437541395651
301,0.2924263010642711,-2.1150509492660805,4.580900072119129
302,0.29774748801480344,-2.124097114315367,4.585437563580933
303,0.30309361545928215,-2.1331822600869415,4.5900488596886095
304,0.3084647532035243,-2.142303546952907,4.594732729590911
305,0.31386096408790204,-2.151458067008081,4.599487865879984
306,0.3192823038579525,-2.1606428426783526,4.6043128828112225
307,0.3247288210335135,-2.1698548253343035,4.609206314545056
308,0.3302005567763907,-2.179090893911623,4.61416661341511
309,0.3356975447565564,-2.1883478535399004,4.6191921482274765
310,0.3412198110168811,-2.1976224341814525,4.624281202595992
311,0.3467673738363956,-2.206911289281912,4.629431973318713
312,0.3523402435920794,-2.2162109944343573,4.634642568800963
313,0.35793842261916853,-2.225518046058853,4.639911007530619
314,0.36356190506997477,-2.234828860099322,4.645235216611496
315,0.36921067677120367,-2.244139770739757,4.65061303036097
316,0.37488471507975757,-2.253447029141843,4.656042188978191
317,0.3805839887370059,-2.2627468022061343,4.6615203372895175
318,0.38630845772150285,-2.27203517135902,4.667045023578006
319,0.39205807310012847,-2.2813081313677723,4.672613698504057
320,0.3978327768776264,-2.290561589186051,4.678223714124567
321,0.40363250184450816,-2.2997913628323317,4.6838723230181225
322,0.40945717142329,-2.3089931803037853,4.689556677524084
323,0.4153066995130252,-2.318162678528231,4.69527382910354
324,0.4211809903320898,-2.32729540235686,4.701020727830425
325,0.4270799382591788,-2.336386803600515,4.706794222021225
326,0.4330034276724619,-2.345432240112387,4.7125910580119745
327,0.43895133278684817,-2.354426974920087,4.718407880091378
328,0.4449235174893019,-2.3633661754101256,4.724241230599122
329,0.45091983517215084,-2.372244912567925,4.730087550198588
330,0.4569401285643213,-2.3810581602765746,4.735943178333343
331,0.46298422956043395,-2.389800794677631,4.741804353876925
332,0.4690519590476874,-2.3984675935973496,4.74766721598557
333,0.47514312673045567,-2.4070532360418273,4.753527805163624
334,0.4812575309525207,-2.4155523017646208,4.759382064551479
335,0.4873949585168579,-2.4239592709105082,4.76522584144593
336,0.49355518450289027,-2.432268523739135,4.771054889062875
337,0.4997379720811238,-2.4404743404323925,4.776864868552335
338,0.5059430723250735,-2.448570900989466,4.782651351275693
339,0.5121702240203879,-2.4565522852135686,4.788409821355069
340,0.5184191534710779,-2.4644124727944963,4.7941356785046025
341,0.5246895743027543,-2.4721453434911993,4.799824241153375
342,0.5309811872627781,-2.4797446774186884,4.805470749869476
343,0.5372936800172249,-2.4872041554436612,4.811070371094593
344,0.5436267269445689,-2.494517359693347,4.816618201198216
345,0.5499799889259888,-2.5016777741821397,4.822109270860321
346,0.5563531131322009,-2.508678785560694,4.827538549791029
347,0.5627457328067295,-2.515513683992247,4.832900951795397
348,0.5691574670455215,-2.5221756641610034,4.838191340191041
349,0.5755879205728248,-2.5286578264175246,4.843404533585843
350,0.5820366835132461,-2.534953178066142,4.848535312022423
351,0.5885033311599168,-2.5410546347994925,4.853578423495486
352,0.5949874237386998,-2.5469550222853594,4.858528590847476
353,0.6014885061683787,-2.552647077911078,4.863380519047246
354,0.6080061078167807,-2.5581234526908445,4.868128902855675
355,0.6145397422527978,-2.5633767133413277,4.872768434881266
356,0.6210889069942814,-2.5683993445310573,4.8772938140278566
357,0.6276530832517998,-2.573183751309123,4.881699754335547
358,0.6342317356682678,-2.577722261718774,4.88598099421485
359,0.640824312054472,-2.5820071296015543,4.8901323060729185
360,0.6474302431205368,-2.5860305375976687,4.894148506329444
361,0.6540489422034007,-2.5897846003482843,4.898024465818487
362,0.6606798049903931,-2.5932613679055265,4.901755120571088
363,0.6673222092390327,-2.5964528293559335,4.905335482971982
364,0.6739755144931948,-2.599350916663138,4.908760653282185
365,0.6806390617958302,-2.6019475087355555,4.912025831517493
366,0.6873121733984506,-2.604234435724826,4.915126329671212
367,0.6939941524676351,-2.606203483560743,4.918057584267533
368,0.7006842827888515,-2.607846398728347,4.920815169230071
369,0.7073818284679335,-2.6091548932928066,4.9233948090479895
370,0.7140860336305979,-2.610120650177625,4.9257923922200915
371,0.7207961221204404,-2.610735328701623,4.928003984954975
372,0.7275112971959024,-2.6109905703800145,4.930025845103121
373,0.7342307412267559,-2.6108780049947606,4.931854436294402
374,0.7409536153907227,-2.610389256939212,4.933486442252048
375,0.7476790593709005,-2.60951595184186,4.934918781251638
376,0.7544061910547473,-2.608249723473786,4.936148620691072
377,0.7611341062354422,-2.6065822209441523,4.937173391734884
378,0.7678618783165234,-2.6045051161877777,4.93799080399358
379,0.7745885580207823,-2.602010111748522,4.938598860195963
380,0.7813131731044807,-2.599088948861837,4.93899587080967
381,0.7880347280780474,-2.595733415839438,4.939180468562388
382,0.7947522039345043,-2.591935356758593,4.939151622813451
383,0.8014645578869678,-2.58768668045804,4.938908653722757
384,0.8081707231166764,-2.5829793698419854,4.938451246161226
385,0.8148696085330955,-2.577805491493052,4.937779463304317
386,0.8215600985477612,-2.5721572055943733,4.9368937598474885
387,0.8282410528636328,-2.5660267761603355,4.935794994779959
388,0.8349113062818391,-2.559406581574684,4.934484443650636
389,0.8415696685278157,-2.5522891254338824,4.932963810257787
390,0.8482149240989482,-2.5446670476927045,4.931235237691859
391,0.8548458321359507,-2.536533136108072,4.929301318658795
392,0.8614611263203281,-2.5278803379761023,4.927165105009478
393,0.8680595148003839,-2.51870177215623,4.924830116399318
394,0.8746396801483498,-2.508990741375053,4.922300348000708
395,0.8812002793513236,-2.4987407448013115,4.919580277190102
396,0.8877399438388094,-2.4879454908820486,4.916674869130748
397,0.8942572795497538,-2.4765989104285855,4.913589581171862
398,0.9007508670420671,-2.464695169939447,4.910330365985069
399,0.9072192616477045,-2.452228685145788,4.906903673359501
400,0.9136609936764578,-2.4391941347632318,4.903316450577932
401,0.9200745686716738,-2.4255864744322864,4.899576141297822
402,0.9264584677211652,-2.411400950827722,4.895690682863235
403,0.9328111478266168,-2.396633115915417,4.891668501976156
404,0.9391310423348063,-2.3812788413332475,4.887518508659031
405,0.9454165614339606,-2.3653343328706176,4.883250088444198
406,0.9516660927185419,-2.3487961450191763,4.87887309273041
407,0.957878001825715,-2.3316611955652022,4.87439782725192
408,0.9640506331466723,-2.3139267801920043,4.86983503861152
409,0.970182310615893,-2.2955905870585664,4.865195898835618
410,0.9762713385812842,-2.2766507113185157,4.860491987916877
411,0.9823160027579857,-2.2571056695413363,4.855735274318071
412,0.9883145712684278,-2.236954413995648,4.850938093419795
413,0.9942652957709965,-2.2161963467522643,4.8461131239042565
414,1.0001664126793939,-2.1948313335627105,4.841273362077808
415,1.0060161444744724,-2.172859717466919,4.836432094145916
416,1.0118127011099807,-2.150282332081945,4.83160286646603
417,1.0175542815132679,-2.1271005145217825,4.826799453816121
418,1.0232390751815754,-2.1033161178967474,4.822035825729612
419,1.02886526387408,-2.078931523339418,4.817326110960779
420,1.0344310233993508,-2.0539496515028572,4.812684560158526
421,1.0399345254973507,-2.0283739734757664,4.808125506840592
422,1.0453739398145412,-2.0022085210583818,4.803663326774561
423,1.0507474359700488,-1.9754578963423586,4.799312395886549
424,1.0560531857102236,-1.9481272805375869,4.795087046832878
425,1.0612893651482733,-1.9202224419888998,4.791001524384364
426,1.0664541570849841,-1.8917497433259802,4.787069939786886
427,1.07154575340586,-1.8627161476904646,4.783306224275476
428,1.076562357549324,-1.833129223985305,4.779724081932199
429,1.0815021870399428,-1.8029971510929017,4.776336942090363
430,1.0863634760799492,-1.7723287210103615,4.773157911498935
431,1.091144478191681,-1.7411333408524998,4.7701997264713665
432,1.0958434689029115,-1.7094210336758702,4.767474705252055
433,1.1004587484664403,-1.6772024380802042,4.7649947008414015
434,1.104988644604746,-1.6444888065471457,4.762771054526529
435,1.1094315152699834,-1.6112920024800852,4.760814550369245
436,1.1137857514091463,-1.5776244959132177,4.759135370905505
437,1.1180497797238238,-1.5434993578626464,4.75774305431141
438,1.1222220654136499,-1.5089302532974147,4.7566464532895765
439,1.126301114892302,-1.473931432713751,4.755853695926394
440,1.1302854784647487,-1.438517722301501,4.755372148765308
441,1.1341737529543707,-1.4027045126977016,4.755208382333662
442,1.137964584268608,-1.3665077463284292,4.755368139350939
443,1.1416566698919037,-1.3299439033464464,4.75585630583439
444,1.1452487612949382,-1.2930299861786627,4.756676885304119
445,1.148739666249456,-1.255783502704027,4.757832976273753
446,1.1521282510384099,-1.218222448089079,4.759326753195091
447,1.1554134425516478,-1.1803652853149784,4.761159451005497
448,1.158594230257966,-1.142230924436328,4.763331353405733
449,1.161669668045032,-1.103838700618473,4.765841784973341
450,1.1646388759194404,-1.0652083510061168,4.768689107192972
451,1.167501041559984,-1.0263599904819984,4.771870718460313
452,1.1702554217181178,-0.9873140863799775,4.7753830580908545
453,1.1729013434605178,-0.9480914322221174,4.779221614338746
454,1.175438205249621,-0.9087131205541935,4.783380936404876
455,1.1778654778590265,-0.8692005149584489,4.7878546503871595
456,1.1801827051216576,-0.8295752213263333,4.792635479100207
457,1.1823895045096113,-0.7898590584773604,4.797715265666273
458,1.1844855675456283,-0.7500740282130779,4.803085000754956
459,1.1864706600471184,-0.7102422848974519,4.808734853325721
460,1.1883446222046419,-0.6703861046566943,4.814654204705193
461,1.1901073684976726,-0.6305278542927225,4.820831685810589
462,1.1917588874513518,-0.5906899600050117,4.827255217311651
463,1.193299241238759,-0.5508948760156132,4.833912052506404
464,1.1947285651339865,-0.5111650531915497,4.840788822670876
465,1.1960470668219922,-0.4715229077577122,4.847871584629922
466,1.1972550255718182,-0.4319907901917574,4.855145870285413
467,1.1983527912802934,-0.39259095439040514,4.862596737829422
468,1.1993407833937983,-0.3533455271939644,4.870208824363671
469,1.200219489716036,-0.3142764783529212,4.877966399642393
470,1.2009894651100455,-0.27540559101704354,4.885853420653906
471,1.2016513301029013,-0.23675443282372743,4.893853586756519
472,1.2022057694016761,-0.19834432765827484,4.901950395086805
473,1.202653530329294,-0.16019632815449603,4.910127195962819
474,1.2029954211888871,-0.12233118899951079,4.918367248011137
475,1.2032323095651862,-0.0847693411019286,4.9266537727548725
476,1.2033651205713256,-0.04753086667775712,4.934970008409589
477,1.2033948350492458,-0.010635475303464793,4.943299262645401
478,1.2033224877316202,0.025897519019356167,4.951624964086227
479,1.203149165372936,0.06204921974827629,4.959930712331008
480,1.2028760048570273,0.0978011685987933,4.9682003262965795
481,1.2025041912879848,0.13313536522803218,4.976417890697567
482,1.2020349560709809,0.16803428577868673,4.984567800495068
483,1.2014695749891262,0.20248090026325127,4.9926348031627334
484,1.2008093662820534,0.23645868877320148,5.0006040386361015
485,1.2000556887314822,0.2699516565022434,5.008461076828415
486,1.199209939758579,0.302944347577039,5.016191952613625
487,1.1982735535374829,0.33542185769292,5.023783198194609
488,1.197247999128934,0.3673698455560103,5.031221872791752
489,1.1961347786375092,0.398774543136874,5.038495589603842
490,1.1949354253955555,0.4296227647442928,5.045592540009514
491,1.1936515021765064,0.4599019149310405,5.052501514993274
492,1.1922845994398807,0.4895999952465649,5.059211923795289
493,1.1908363336098975,0.5187056098543078,5.0657138097985035
494,1.1893083453892905,0.54720797003399,5.07199786368038
495,1.187702298109584,0.5750968975915679,5.078055433869328
496,1.1860198761187823,0.6023628272017296,5.083878534357892
497,1.1842627832071555,0.6289968077097504,5.0894598499358334
498,1.1824327410715336,0.6549905024212771,5.094792738916394
499,1.1805314878183024,0.6803361884101601,5.099871233438225
500,1.1785607765050712,0.7050267548758148,5.104690037433783
501,1.176522373720803,0.729055700582774,5.109244522362293
502,1.174418058204031,0.7524171304161017,5.113530720811808
503,1.172249619498636,0.7751057510871817,5.1175453180803885
504,1.1700188566465448,0.7971168660250876,5.121285641851015
505,1.1677275769165933,0.818446369489281,5.124749650078606
506,1.1653775945687257,0.8390907399397968,5.127935917210362
507,1.1629707296526217,0.859047032701352,5.130843618862803
508,1.1605088068397973,0.8783128719579778,5.133472515080136
509,1.1579936542881857,0.8968864421148259,5.135822932299211
510,1.1554271025381817,0.9147664785637462,5.13789574414622
511,1.1528109834391218,0.9319522578890923,5.139692351189536
512,1.1501471291051737,0.9484435875499745,5.141214659771781
513,1.1474373708996173,0.964240795074869,5.142465060042256
514,1.1446835384465235,0.9793447168041086,5.143446403308521
515,1.14188745866886,0.9937566862153239,5.144161978822965
516,1.1390509548520928,1.0074785218663962,5.144615490116971
517,1.1361758457323892,1.0205125149899106,5.144811030991534
518,1.133263944608577,1.0328614167724834,5.144753061269249
519,1.1303170584770623,1.0445284253516722,5.144446382408225
520,1.1273369871889618,1.0555171725624746,5.143896113073952
521,1.124325522628763,1.0658317104646824,5.143107664760379
522,1.1212844479138777,1.0754764976815843,5.142086717546536
523,1.1182155366145201,1.084456385579708,5.140839196069933
524,1.1151205519933889,1.092776604318469,5.13937124579283
525,1.1120012462646998,1.10044274879774,5.137689209632208
526,1.1088593598721666,1.1074607645304901,5.13579960501902
527,1.1056966207855856,1.1138369334667537,5.133709101447
528,1.1025147438157323,1.119577859794291,5.131424498566075
529,1.09931542994733,1.124690455740389,5.128952704870195
530,1.0961003656898998,1.1291819273983306,5.126300717024282
531,1.0928712224463462,1.1330597606011277,5.123475599869921
532,1.0896296558991776,1.1363317068641783,5.1204844671445295
533,1.0863773054142971,1.1390057694175706,5.117334462943916
534,1.0831157934623374,1.1410901893478087,5.11403274395348
535,1.0798467250575476,1.142593431867795,5.110586462468845
536,1.0765716872142626,1.143524172732961,5.1070027502223665
537,1.0732922484210177,1.143891284820496,5.103288703027857
538,1.0700099581323874,1.1437038248876874,5.099451366251904
539,1.0667263462786454,1.1429710205244528,5.095497721116437
540,1.063442922793357,1.1417022573142241,5.091434671833675
541,1.0601611771590267,1.139907066216417,5.087269033571239
542,1.0568825779709246,1.1375951111828186,5.083007521242138
543,1.0536085725192248,1.1347761770193272,5.078656739111437
544,1.0503405863895825,1.131460157503584,5.074223171208745
545,1.0470800230822752,1.1276570437681759,5.069713172533184
546,1.0438282636500282,1.1233769129582136,5.065132961035294
547,1.0405866663546297,1.1186299171712597,5.060488610358245
548,1.037356566342434,1.1134262726867385,5.055786043318948
549,1.0341392753388332,1.107776249491161,5.051031026107995
550,1.0309360813617605,1.101690161104693,5.046229163185936
551,1.0277482484542704,1.0951783547138323,5.04138589285218
552,1.02457701643622,1.088251201614196,5.036506483461717
553,1.021423600675052,1.0809190879666943,5.031596030264016
554,1.0182891918756563,1.0731924058696498,5.026659452837701
555,1.0151749558892633,1.0650815447487376,5.021701493094101
556,1.012082033541295,1.0565968830659511,5.01672671382233
557,1.0090115404780722,1.04774878034816,5.011739497748326
558,1.0059645670322526,1.0385475695352062,5.006744047080143
559,1.002942178106844,1.0290035496468959,5.001744383511815
560,0.9999454130776089,1.0191269787676696,4.9967443486582
561,0.9969752857136546,1.0089280673472,4.991747604893487
562,0.9940327841159681,0.9984169718146443,4.986757636566347
563,0.9911188706736364,0.987603788503789,4.98177775156515
564,0.9882344820374613,0.9764985478858645,4.97681108320717
565,0.9853805291106558,0.9651112091063645,4.9718605924262835
566,0.9825578970562828,0.9534516548217965,4.966929070234304
567,0.9797674453210772,0.9415296863319038,4.962019140431807
568,0.9770100076752646,0.9293550190025404,4.957133262545065
569,0.9742863922679764,0.9169372779740447,4.952273734966472
570,0.9715973816978354,0.9042859941496527,4.947442698276734
571,0.9689437330982708,0.8914106004582062,4.942642138727902
572,0.9663261782371054,0.8783204283851535,4.937873891867257
573,0.9637454236299415,0.8650247047656073,4.93313964628294
574,0.9612021506668578,0.8515325488330134,4.928440947453157
575,0.9586970157519201,0.837852969516795,4.923779201681692
576,0.9562306504549967,0.8239948629821767,4.9191556801034055
577,0.9538036616753585,0.8099670104052469,4.914571522744311
578,0.9514166318165419,0.7957780759761948,4.9100277426217644
579,0.949070118971941,0.7814366051235614,4.90552522987116
580,0.9467646571205952,0.7669510229522593,4.9010647558864955
581,0.9445007563326344,0.752329632888054,4.896646977462968
582,0.9422789029838438,0.7375806155211583,4.892272440930697
583,0.9400995599788075,0.7227120276415611,4.887941586269458
584,0.9379631669820968,0.7077318014587042,4.883654751195154
585,0.9358701406569673,0.6926477439981259,4.879412175209519
586,0.9338208749110348,0.6774675366677095,4.875214003605352
587,0.9318157411484075,0.6621987349862108,4.871060291420268
588,0.9298550885277544,0.6468487684667843,4.866951007332691
589,0.9279392442258019,0.6314249406482901,4.8628860374944844
590,0.9260685137057543,0.615934429267234,4.85886518929525
591,0.9242431809901495,0.6003842865632719,4.85488819505397
592,0.9224635089376652,0.5847814397113091,4.850954715634212
593,0.9207297395234076,0.5691326913733173,4.847064343979713
594,0.9190420941222228,0.5534447203631083,4.843216608567649
595,0.9174007737945854,0.5377240824174155,4.839410976777418
596,0.9158059595746321,0.5219772110667611,4.835646858173198
597,0.9142578127599209,0.5062104185997134,4.831923607699004
598,0.912756475202512,0.490429897114277,4.828240528785354
599,0.9113020696009784,0.4746417196502952,4.824596876367038
600,0.909894699792973,0.45885184139688956,4.820991859811825
601,0.9085344510479914,0.4430661009691089,4.817424645760279
602,0.9072213903599843,0.42729022174810943,4.813894360877141
603,0.9059555667394922,0.4115298132793404,4.810400094514997
604,0.9047370115049874,0.39579037272336526,4.8069409012912265
605,0.9035657385731262,0.3800772863541021,4.80351580357941
606,0.9024417447476282,0.36439583109942564,4.8001237939166215
607,0.901365010006517,0.3487511761192294,4.796763837328166
608,0.9003354977874711,0.3331483844162036,4.7934348735715275
609,0.8993531552710484,0.3175924144747418,4.790135819301387
610,0.8984179136615664,0.30208812192354534,4.786865570157737
611,0.8975296884654314,0.2866402612176497,4.783623002779198
612,0.8966883797667267,0.27125348733575083,4.780406976743736
613,0.8958938724998865,0.255932357488863,4.777216336439057
614,0.8951460367192922,0.24068133283648768,4.774049912865021
615,0.8944447278656467,0.2255047802066259,4.770906525370437
616,0.8937897870289934,0.21040697381610854,4.767784983326679
617,0.8931810412082605,0.19539209698786641,4.764684087740526
618,0.8926183035672267,0.18046424386190207,4.7616026328086924
619,0.892101373686814,0.1656274210968649,4.758539407416486
620,0.8916300378136283,0.15088554955926714,4.755493196583017
621,0.8912040691046811,0.1362424659975122,4.752462782855373
622,0.8908232278682358,0.12170192469803721,4.74944694765416
623,0.8904872618007341,0.10726759912099953,4.7464444725727315
624,0.8901959062197717,0.0929430835130613,4.7434541406324335
625,0.8899488842930989,0.07873189449494891,4.740474737496114
626,0.8897459072636367,0.06463747262158194,4.737505052642092
627,0.8895866746705062,0.05066318391268275,4.734543880500748
628,0.8894708745660809,0.03681232135189044,4.731590021555778
629,0.8893981837290776,0.023088106352513217,4.728642283412145
630,0.8893682678737168,0.009493690188159744,4.725699481832644
631,0.8893807818549845,-0.003967844613404856,4.722760441744929
632,0.8894353698700426,-0.01729348291473187,4.719823998220783
633,0.889531665655839,-0.030480275652944998,4.716888997429304
634,0.8896692926829775,-0.043525338565137614,4.7139542975656035
635,0.8898478643459156,-0.056425850956175715,4.711018769756545
636,0.8900669841495644,-0.0691790545100797,4.708081298944907
637,0.8903262458923721,-0.08178225214606928,4.705140784753315
638,0.890625233845979,-0.09423280692026895,4.702196142329162
639,0.8909635229315388,-0.10652814097398713,4.6992463031716385
640,0.8913406788928049,-0.11866573452939955,4.6962902159419215
641,0.8917562584660892,-0.1306431249333867,4.693326847257433
642,0.8922098095472029,-0.14245790575019682,4.690355182471023
643,0.8927008713554965,-0.15410772590352842,4.687374226435794
644,0.8932289745951197,-0.16559028886855143,4.6843830042562145
645,0.8937936416136268,-0.17690335191431159,4.681380562026047
646,0.894394386558058,-0.1880447253968908,4.678365967553522
647,0.8950307155286302,-0.1990122721036241,4.675338311074111
648,0.8957021267301761,-0.20980390664860477,4.672296705951111
649,0.8964081106214726,-0.22041759491963916,4.669240289364195
650,0.8971481500626041,-0.2308513535767453,4.666168222985963
651,0.8979217204605088,-0.2411032496022217,4.663079693646439
652,0.8987282899128601,-0.2511713999022469,4.659973913985364
653,0.8995673193504363,-0.26105397095990357,4.656850123092041
654,0.900438262678136,-0.2707491785394564,4.653707587132394
655,0.9013405669147987,-0.28025528744164796,4.65054559996282
656,0.9022736723319913,-0.2895706113097124,4.647363483730317
657,0.9032370125919243,-0.29869351248574244,4.644160589458289
658,0.904230014884663,-0.3076224019169814,4.640936297617348
659,0.9052521000647996,-0.3163557391115486,4.63769001868034
660,0.9063026827877558,-0.32489203214304196,4.634421193660774
661,0.9073811716458835,-0.3332298377034001,4.631129294633711
662,0.9084869693045349,-0.34136776120333884,4.627813825238147
663,0.9096194726382726,-0.3493044569196181,4.624474321159829
664,0.9107780728673914,-0.35703862818832743,4.621110350593378
665,0.9119621556949233,-0.3645690276433176,4.617721514682544
666,0.9131711014442976,-0.37189445749883876,4.614307447937359
667,0.914404285197828,-0.3790137698753846,4.610867818626897
668,0.9156610769361985,-0.385925867167675,4.607402329146305
669,0.9169408416791176,-0.39262970245364703,4.60391071635674
670,0.9182429396273122,-0.399124279943258,4.600392751896779
671,0.9195667263060281,-0.40540865546584093,4.59684824246388
672,0.9209115527102069,-0.4114819369946867,4.593277030064403
673,0.9222767654515021,-0.4173432852074629,4.589678992230724
674,0.923661706907301,-0.4229919140810138,4.586054042203914
675,0.9250657153719115,-0.4284270915190213,4.582402129080489
676,0.9264881252100745,-0.43364814001094204,4.578723237921721
677,0.9279282670129569,-0.4386544373205696,4.57501738982399
678,0.9293854677567793,-0.4434454172025082,4.571284641948703
679,0.9308590509642265,-0.4480205701447785,4.567525087510295
680,0.9323483368687879,-0.45237944413571307,4.563738855720867
681,0.9338526425821689,-0.4565216454532357,4.559926111690076
682,0.9353712822649095,-0.46044683947455545,4.55608705627887
683,0.9369035673003437,-0.46415475150424557,4.552221925905797
684,0.9384488064720257,-0.46764516761861574,4.548330992304592
685,0.9400063061447441,-0.47091793552422656,4.544414562231884
686,0.9415753704492407,-0.4739729654283361,4.5404729771238825
687,0.9431553014707404,-0.47681023091901176,4.536506612701026
688,0.9447453994413978,-0.47942976985258456,4.532515878519643
689,0.9463449629367511,-0.4818316852460694,4.528501217469779
690,0.9479532890762751,-0.4840161461721222,4.524463105218462
691,0.9495696737281092,-0.48598338865405605,4.520402049597765
692,0.9511934117180331,-0.4877337165583901,4.516318589937183
693,0.9528237970427511,-0.48926750248235995,4.512213296339939
694,0.9544601230875395,-0.49058518863377754,4.508086768902993
695,0.9561016828482979,-0.4916872877005872,4.503939636880645
696,0.9577477691580394,-0.49257438370743034,4.499772557791811
697,0.9593976749178414,-0.4932471328564985,4.495586216471178
698,0.9610506933322691,-0.4937062643499244,4.491381324064608
699,0.9627061181492715,-0.49395258119093777,4.487158616969348
700,0.9643632439045399,-0.4939869609609908,4.482918855719761
701,0.9660213661703043,-0.4938103565700412,4.478662823819474
702,0.9676797818085343,-0.49342379697717087,4.474391326521021
703,0.969337789228494,-0.4928283878787102,4.470105189554245
704,0.9709946886485917,-0.492025312361036,4.4658052578049166
705,0.9726497823624496,-0.4910158315152159,4.461492393945199
706,0.9743023750091051,-0.48980128501067927,4.457167477017801
707,0.9759517738472433,-0.48838309162511223,4.452831400975842
708,0.977597289033344,-0.48676274972779165,4.448485073180632
709,0.9792382339036151,-0.48494183771360305,4.4441294128598
710,0.980873925259567,-0.48292201438501836,4.4397653495283285
711,0.9825036836570711,-0.4807050192793502,4.4353938213753015
712,0.9841268336987292,-0.478292672938645,4.431015773619318
713,0.9857427043293674,-0.47568687711963015,4.4266321568357085
714,0.9873506291344519,-0.4728896149411912,4.422243925258856
715,0.9889499466412125,-0.46990295096691986,4.4178520350631185
716,0.9905400006222425,-0.46672903122034937,4.41345744262595
717,0.9921201404013318,-0.4633700831305732,4.409061102777034
718,0.9936897211612749,-0.4598284154060311,4.40466396703732
719,0.9952481042533817,-0.4561064178343422,4.4002669818520275
720,0.9967946575084077,-0.4522065610061664,4.395871086821774
721,0.9983287555486033,-0.44813139596118345,4.391477212936103
722,0.9998497801005753,-0.4438835537543972,4.387086280813761
723,1.0013571203086344,-0.4394657449410928,4.382699198954178
724,1.0028501730482977,-0.4348807589789066,4.3783168620046515
725,1.0043283432395993,-0.4301314635456024,4.373940149047774
726,1.0057910441598548,-0.4252208037712914,4.369569921913709
727,1.0072376977555144,-0.42015180138398145,4.365207023521891
728,1.0086677349527304,-0.4149275537674953,4.360852276256771
729,1.0100805959662569,-0.40955123293095735,4.356506480382168
730,1.011475730606293,-0.40402608438921445,4.352170412498785
731,1.0128525985828725,-0.39835542595372514,4.347844824049353
732,1.0142106698073996,-0.3925426464336275,4.343530439875842
733,1.0155494246909227,-0.38659120424687393,4.339227956833041
734,1.0168683544387382,-0.38050462594150325,4.334938042462721
735,1.0181669613409114,-0.3742865046273076,4.330661333732459
736,1.0194447590582987,-0.3679404983183386,4.326398435843062
737,1.0207012729036584,-0.36147032818688846,4.3221499211083465
738,1.0219360401174353,-0.35487977672977483,4.317916327910859
739,1.0231486101378058,-0.34817268584795086,4.313698159736921
740,1.0243385448645743,-0.3413529548406563,4.309495884294159
741,1.025505418916516,-0.33442453831552066,4.305309932714457
742,1.026648819881763,-0.32739144401622206,4.301140698845003
743,1.02776834856084,-0.3202577305694989,4.2969885386298685
744,1.028863619201964,-0.3130275051535015,4.2928537695842435
745,1.0299342597282242,-0.30570492108965985,4.288736670363206
746,1.0309799119562766,-0.29829417536042946,4.28463748042658
747,1.0320002318061925,-0.2907995060554577,4.280556399801132
748,1.032994889502112,-0.2832251897488923,4.27649358894104
749,1.0339635697633682,-0.2755755388107262,4.27244916868727
750,1.034905971985761,-0.2678548986552389,4.268423220326117
751,1.03582181041267,-0.2600676449297583,4.264415785746886
752,1.0367108142957187,-0.25221818064712004,4.260426867698333
753,1.0375727280447093,-0.2443109332653497,4.256456430143137
754,1.0384073113665724,-0.23635035171823435,4.252504398709368
755,1.0392143393930868,-0.22834090340058,4.248570661237558
756,1.0399936027971486,-0.22028707111207718,4.244655068421681
757,1.0407449078973827,-0.2121933499638101,4.240757434541988
758,1.0414680767509124,-0.20406424425154965,4.2368775382873665
759,1.0421629472341207,-0.19590426430006705,4.233015123664566
760,1.042829373111259,-0.18771792328278838,4.229169900991324
761,1.0434672240907765,-0.17950973402118603,4.225341547970177
762,1.044076385869267,-0.17128420576836625,4.221529710839425
763,1.0446567601629502,-0.16304584098136576,4.217734005597494
764,1.0452082647266243,-0.1547991320867107,4.213954019296678
765,1.0457308333600486,-0.14654855824382368,4.210189311402027
766,1.046224415901736,-0.1382985821108821,4.206439415210924
767,1.0466889782101567,-0.1300536466177398,4.202703839328728
768,1.047124502132374,-0.12181817175051987,4.198982069195662
769,1.0475309854601527,-0.11359655135247168,4.195273568659988
770,1.0479084418736042,-0.10539314994565857,4.191577781592385
771,1.0482569008724505,-0.09721229957800527,4.187894133536331
772,1.0485764076950055,-0.08905829670018538,4.1842220333891955
773,1.048867023224997,-0.0809353990767697,4.1805608751087
774,1.049128823886367,-0.07284782273598658,4.1769100394393535
775,1.049361901526207,-0.06479973896236432,4.173268895653442
776,1.0495663632860017,-0.05679527133643587,4.169636803301166
777,1.049742331461373,-0.04883849282558587,4.166013113964521
778,1.0498899433505289,-0.04093342293001057,4.162397173009601
779,1.0500093510916415,-0.03308402488764306,4.158788321332016
780,1.0501007214893872,-0.02529420294176927,4.155185897090245
781,1.0501642358309016,-0.017567799674926183,4.1515892374218275
782,1.05020008969141,-0.009908593412530621,4.147997680137433
783,1.0502084927298105,-0.0023202956995385365,4.144410565387982
784,1.050189668474492,0.005193451146721385,4.140827237300164
785,1.0501438540996884,0.012629076404557436,4.137247045575853
786,1.0500713001926716,0.01998308323395248,4.133669347051141
787,1.0499722705121004,0.027252050877986125,4.130093507210897
788,1.0498470417378472,0.03443263677717403,4.126518901654971
789,1.049695903212632,0.04152157859443691,4.122944917512422
790,1.0495191566758029,0.04851569614859462,4.119370954800357
791,1.0493171159896006,0.055411893254466243,4.115796427724233
792,1.0490901068582592,0.06220715946784487,4.1122207659167405
793,1.0488384665402881,0.06889857173380433,4.1086434156126215
794,1.0485625435542938,0.07548329593698513,4.105063840757087
795,1.0482626973786948,0.08195858835269708,4.101481524045725
796,1.047939298145689,0.0883217969978658,4.097895967894093
797,1.0475927263298326,0.09457036288103932,4.094306695335479
798,1.0472233724315907,0.10070182115085954,4.090713250845538
799,1.0468316366562178,0.10671380214258866,4.087115201092843
800,1.0464179285883275,0.11260403232246516,4.083512135614634
801,1.0459826668625092,0.11837033512984495,4.0799036674173195
802,1.0455262788303459,0.12401063171726162,4.076289433501538
803,1.045049200224187,0.129522941588714,4.0726690953118805
804,1.044551874818024,0.13490538313666026,4.069042339111581
805,1.044034754085819,0.14015617407836395,4.065408876282756
806,1.043498296857624,0.1452736317923992,4.061768443552997
807,1.0429429689738332,0.150256173556279,4.058120803149345
808,1.0423692429378992,0.15510231668632202,4.054465742880901
809,1.0417775975678427,0.15981067858101944,4.050803076151509
810,1.041168517646879,0.16437997666930335,4.0471326419041675
811,1.0405424935734782,0.16880902826525224,4.04345430449899
812,1.0399000210111706,0.17309675033089794,4.039767953526712
813,1.0392416005384046,0.1772421591489184,4.036073503559884
814,1.038567737298752,0.1812443699071174,4.032370893844065
815,1.037878940651757,0.18510259619669955,4.0286600879314225
816,1.0371757238247123,0.1888161494264509,4.0249410732593
817,1.036458603565642,0.19238443815503023,4.021213860676384
818,1.03572809979776,0.1958069673436646,4.017478483919227
819,1.0349847352756716,0.19908333753162225,4.013734999041933
820,1.0342290352435721,0.20221324393691167,4.009983483801898
821,1.0334615270956926,0.20519647548472175,4.006224037004538
822,1.0326827400392347,0.20803291376617808,4.002456777809987
823,1.0318932047600269,0.2107225319300447,3.99868184500477
824,1.0310934530911304,0.21326539351004611,3.994899396241476
825,1.0302840176846118,0.21566165119052488,3.9911096072494514
826,1.0294654316866922,0.2179115455131834,3.987312671019553
827,1.028638228416479,0.2200154035276848,3.9835087969659493
828,1.0278029410484706,0.2219736373889087,3.979698210067961
829,1.026960102299025,0.22378674290367162,3.9758811499948816
830,1.026110244116969,0.22545529802972983,3.9720578702166764
831,1.0252538973785223,0.22697996132988493,3.968228637103404
832,1.0243915915866968,0.22836147038400867,3.9643937290161486
833,1.0235238545753291,0.2296006401617945,3.960553435392172
834,1.022651212217895,0.23069836135902916,3.956708055826932
835,1.0217741881412443,0.23165559870015798,3.952857899155517
836,1.020893303444391,0.2324733892098928,3.9490032825359775
837,1.0200090764224832,0.23315284045658277,3.945144530536923
838,1.01912202229607,0.23369512877003418,3.9412819742316736
839,1.018232652945778,0.23410149743642777,3.937415950301147
840,1.0173414766524973,0.23437325487293995,3.9335468001475564
841,1.0164489978431763,0.23451177278462804,3.9296748690208916
842,1.0155557168423102,0.23451848430609148,3.9258005051600495
843,1.014662129629208,0.23439488213036647,3.9219240589503674
844,1.0137687276011105,0.2341425166274574,3.918045882099195
845,1.012875997342227,0.23376299395484854,3.914166326831042
846,1.0119844203987531,0.23325797416227823,3.910285745103719
847,1.0110944730599205,0.2326291692929946,3.9064044878467716
848,1.01020662614513,0.23187834148364508,3.9025229042234093
849,1.0093213447972051,0.23100730106488454,3.8986413409170124
850,1.0084390882818053,0.23001790466471686,3.89476014144319
851,1.007560309793021,0.22891205331651368,3.8908796454882593
852,1.0066854562651797,0.22769169057358157,3.887000188274913
853,1.0058149681908746,0.22635880063207478,3.88312209995573
854,1.004949279445228,0.22491540646397692,3.879245705035097
855,1.0040888171163955,0.2233635679617989,3.8753713218199985
856,1.0032340013423082,0.22170538009656537,3.8714992619000497
857,1.0023852451536477,0.2199429710905852,3.8676298296570457
858,1.0015429543230439,0.21807850060642578,3.8637633218042247
859,1.0007075272204786,0.21611415795343483,3.8599000269553425
860,0.999879354674872,0.21405216031307675,3.8560402252235937
861,0.9990588198418289,0.2118947509842757,3.852184187850323
862,0.9982462980775126,0.20964419764988224,3.848332176863403
863,0.9974421568186118,0.2073027906653056,3.8444844447650914
864,0.9966467554683612,0.2048728413702807,3.840641234249101
865,0.9958604452885735,0.2023566804246655,3.836802777946571
866,0.9950835692976341,0.19975665616909374,3.8329692982005565
867,0.9943164621744094,0.1970751330112362,3.8291410068686105
868,0.9935594501680133,0.1943144898383561,3.8253181051529745
869,0.9928128510133747,0.19147711845677529,3.821500783457854
870,0.9920769738525446,0.18856542205880153,3.8176892212732074
871,0.9913521191616794,0.18558181371760393,3.813883587084444
872,0.9906385786836341,0.18252871491045838,3.8100840383073864
873,0.9899366353660947,0.17940855407072528,3.8062907212478256
874,0.9892465633051795,0.17622376516886135,3.802503771084965
875,0.9885686276944349,0.17297678632270985,3.798723311878025
876,0.9879030847791488,0.16967005843725802,3.7949494565952637
877,0.9872501818159041,0.1663060238739961,3.79118230716464
878,0.9866101570372927,0.16288712514996123,3.78742195454534
879,0.9859832396217084,0.15941580366649927,3.783668478819367
880,0.9853696496681354,0.15589449846772957,3.7799219493023917
881,0.9847695981758494,0.15232564502865295,3.7761824246730398
882,0.9841832870289448,0.14871167407279862,3.772449953119805
883,0.9836109089856033,0.1450550104192651,3.7687245725047536
884,0.9830526476720168,0.1413580718589703,3.765006310543206
885,0.9825086775808765,0.13762326805988914,3.7612951849985565
886,0.9819791640743404,0.133852999501022,3.7575912038914225
887,0.9814642633913931,0.13004965643480382,3.753894365722291
888,0.9809641226595067,0.12621561787763377,3.7502046597068626
889,0.9804788799105161,0.12235325062817586,3.7465220660232768
890,0.9800086641006206,0.11846490831305423,3.7428465560704263
891,0.9795535951344237,0.11455293045954314,3.7391780927365734
892,0.9791137838929229,0.11061964159482778,3.735516630677487
893,0.9786893322653627,0.10666735037139258,3.7318621166033417
894,0.9782803331848654,0.10269834871807433,3.7282144895736185
895,0.9778868706677523,0.0987149110163012,3.7245736812992742
896,0.9775090198564709,0.0947192933010238,3.7209396164514543
897,0.9771468470660448,0.09071373248583144,3.7173122129760308
898,0.9768004098339623,0.08670044561173591,3.7136913824132773
899,0.9764697569734215,0.08268162911909559,3.7100770302219996
900,0.9761549286298524,0.07865945814214517,3.706469056107456
901,0.9758559563406349,0.07463608582559061,3.702867354352415
902,0.9755728630979356,0.07061364266272438,3.699271814150728
903,0.975305663414585,0.06659423585451371,3.695682319942792
904,0.9750543633929217,0.06257994868911343,3.692098751752305
905,0.9748189607965275,0.05857283994125531,3.688520985523736
906,0.9745994451247815,0.05457494329096786,3.6849488934599353
907,0.9743957976901628,0.050588266761083606,3.681382344359342
908,0.9742079916982321,0.046614792172995696,3.677821203952252
909,0.9740359923302234,0.04265647462013151,3.6742653352356265
910,0.9738797568281807,0.03871524195861804,3.67071459880594
911,0.973739234582575,0.03479299431462218,3.6671688531895907
912,0.9736143672223384,0.030891603607858732,3.6636279551703868
913,0.9735050887072534,0.027012913090769045,3.660091760113669
914,0.9734113254226392,0.023158736902885245,3.6565601222866215
915,0.973332996276276,0.01933085963990726,3.653032895174348
916,0.9732700127975105,0.015531035937033397,3.649509931791306
917,0.9732222792384893,0.011760990066099524,3.6459910849877004
918,0.9731896926774657,0.008022415546097129,3.642476207750458
919,0.9731721431241288,0.0043169747666563126,3.6389651534984155
920,0.9731695136269045,0.0006462986240963805,3.635457776371367
921,0.9731816803821804,-0.002988013830336009,3.631953931512634
922,0.9732085128454065,-0.006584395730403314,3.6284534753448305
923,0.9732498738440271,-0.010141312723332171,3.6249562658385113
924,0.9733056196921979,-0.013657263287111806,3.6214621627734034
925,0.973375600307247,-0.017130779036941567,3.6179710279919393
926,0.9734596593278365,-0.020560425021113438,3.614482725644811
927,0.9735576342337844,-0.023944800006595345,3.610997122428293
928,0.9736693564675076,-0.027282536754560723,3.6075140878130805
929,0.9737946515570473,-0.030572302286089294,3.604033494264409
930,0.9739333392406383,-0.033812798138243054,3.60055521745324
931,0.9740852335927876,-0.03700276061070069,3.5970791364582912
932,0.9742501431518243,-0.04014096100311253,3.5936051339587287
933,0.9744278710488871,-0.04322620584331697,3.5901330964173233
934,0.9746182151383143,-0.046257337106538454,3.586662914253911
935,0.9748209681294036,-0.049233232425665824,3.583194482008991
936,0.9750359177195067,-0.052152805292688974,3.579727698497325
937,0.9752628467284274,-0.055015005251350994,3.576262466951392
938,0.9755015332340902,-0.0578188180810523,3.572798695154593
939,0.975751750709446,-0.060563265972022766,3.5693362955640935
940,0.9760132681605853,-0.06324740769175796,3.5658751854232067
941,0.9762858502660245,-0.06587033874269545,3.562415286863248
942,0.9765692575171342,-0.06843119151108791,3.5589565269947894
943,0.9768632463596774,-0.07092913540701075,3.5554988379882633
944,0.9771675693364253,-0.073363376995423,3.55204215714388
945,0.977481975230818,-0.0757331601181825,3.548586426950836
946,0.9778062092116364,-0.07803776600689842,3.5451315951358056
947,0.9781400129786534,-0.08027651338648739,3.5416776147007205
948,0.9784831249092285,-0.08244875856928283,3.5382244439498622
949,0.9788352802058131,-0.08455389553953135,3.5347720465063
950,0.9791962110443292,-0.08659135602809494,3.531320391317732
951,0.9795656467233866,-0.08856060957716315,3.5278694526517937
952,0.9799433138143016,-0.09046116359476603,3.5244192100809157
953,0.9803289363118777,-0.09229256339886513,3.5209696484568354
954,0.9807222357859116,-0.09405439225078846,3.5175207578748746
955,0.9811229315333818,-0.0957462713777636,3.5140725336281142
956,0.9815307407312805,-0.09736785998429279,3.510624976151614
957,0.9819453785900447,-0.09891885525210457,3.5071780909568426
958,0.9823665585075433,-0.10039899232840799,3.5037318885564974
959,0.9827939922235748,-0.10180804430216736,3.5002863843799097
960,0.9832273899748287,-0.10314582216810984,3.4968415986792487
961,0.9836664606502622,-0.1044121747781716,3.4933975564267543
962,0.9841109119468425,-0.10560698878008432,3.4899542872032403
963,0.9845604505256038,-0.10673018854280038,3.486511825078134
964,0.9850147821679648,-0.107781736068452,3.4830702084813243
965,0.985473611932253,-0.10876163089053915,3.479629480067114
966,0.9859366443103794,-0.10966990995804023,3.4761896865705824
967,0.986403583384605,-0.11050664750514033,3.472750878656679
968,0.986874132984339,-0.11127195490627446,3.4693131107623896
969,0.9873479968429083,-0.11196598051618567,3.465876440932322
970,0.9878248787542336,-0.11258890949470264,3.46244093064808
971,0.9883044827293479,-0.11314096361594668,3.459006644651799
972,0.9887865131526895,-0.1136224010616844,3.455573650764243
973,0.9892706749381025,-0.11403351619855064,3.452142019697852
974,0.9897566736844722,-0.11437463933887422,3.448711824865169
975,0.9902442158309251,-0.11464613648485017,3.4452831421830608
976,0.9907330088115194,-0.1148484090558121,3.4418560498731736
977,0.9912227612093486,-0.11498189359837156,3.4384306282590633
978,0.9917131829099847,-0.11504706147920406,3.4350069595604547
979,0.9922039852541786,-0.11504441856027595,3.431585127685088
980,0.9926948811897406,-0.11497450485632209,3.428165218018621
981,0.9931855854225163,-0.11483789417440052,3.424747317213051
982,0.9936758145663788,-0.11463519373536805,3.421331512974143
983,0.9941652872921481,-0.1143670437771393,3.41791789384833
984,0.9946537244753572,-0.11403411713961109,3.414506549009578
985,0.9951408493427729,-0.11363711883115478,3.4110975680466873
986,0.9956263876175889,-0.11317678557660028,3.4076910407515193
987,0.9961100676631973,-0.11265388534665775,3.4042870569086254
988,0.9965916206254526,-0.1120692168687461,3.400885706086756
989,0.997070780573336,-0.11142360911922114,3.3974870774327224
990,0.9975472846379293,-0.1107179207970205,3.394091259468085
991,0.998020873149607,-0.10995303977876823,3.390698339889124
992,0.9984912897733538,-0.10912988255540702,3.3873084053705504
993,0.9989582816421169,-0.10824939365045294,3.383921541373406
994,0.9994215994880984,-0.1073125450199943,3.3805378319575845
995,0.9998809977718973,-0.10632033543458332,3.3771573595993987
996,1.0003362348094074,-0.10527378984319752,3.3737802050146097
997,1.0007870728963797,-0.10417395871947528,3.370406446987314
998,1.001233278430558,-0.10302191739045868,3.3670361622050686
999,1.001674622031295,-0.10181876534810509,3.3636694251006336
1000,1.0021108786565605,-0.10056562554385766,3.3603063077006645
1001,1.00254182771725,-0.09926364366659383,3.3569468794817054
1002,1.0029672531887077,-0.09791398740429906,3.353591207233783
1003,1.0033869437193736,-0.0965178456898424,3.350239354931898
1004,1.0038006927364715,-0.0950764279312585,3.3468913836156906
1005,1.0042082985486502,-0.09359096322696915,3.3435473512775196
1006,1.0046095644454978,-0.09206269956640536,3.34020731275919
1007,1.0050042987938457,-0.09049290301651887,3.3368713196575324
1008,1.0053923151307849,-0.08888285689469881,3.3335394202390045
1009,1.005773432253315,-0.08723386092863634,3.330211659363482
1010,1.0061474743045533,-0.08554723040370608,3.3268880784173573
1011,1.0065142708564299,-0.08382429529845854,3.3235687152560547
1012,1.006873656988798,-0.08206639940884308,3.320253604156037
1013,1.007225473364895,-0.08027489946180455,3.3169427757763565
1014,1.007569566303086,-0.07845116421891975,3.3136362571297715
1015,1.0079057878448294,-0.0765965735707632,3.3103340715634317
1016,1.0082339958188076,-0.07471251762271178,3.307036238749098
1017,1.0085540539011637,-0.07280039577291926,3.303742774682843
1018,1.008865831671795,-0.07086161578321037,3.3004536916941563
1019,1.0091692046666532,-0.06889759284366238,3.2971689984643375
1020,1.0094640544260045,-0.06690974863165924,3.2938887000540538
1021,1.0097502685386113,-0.06489951036621909,3.290612797939894
1022,1.0100277406817935,-0.06286830985841016,3.287341290059747
1023,1.0102963706573376,-0.06081758255868361,3.2840741708667873
1024,1.010556064423222,-0.05874876660196335,3.2808114313918475
1025,1.0108067341211329,-0.056663301851343585,3.2775530593139153
1026,1.0110482980997457,-0.05456262894125347,3.2742990390384907
1027,1.011280680933758,-0.052448188320956254,3.2710493517835
1028,1.0115038134386543,-0.05032141929925587,3.2678039756724586
1029,1.0117176326811963,-0.04818375909128906,3.264562885834545
1030,1.0119220819856307,-0.04603664186828352,3.2613260545112412
1031,1.0121171109356129,-0.04388149781116489,3.2580934511691675
1032,1.0123026753718485,-0.04171975216889461,3.254865042618733
1033,1.0124787373854607,-0.039552824322419855,3.2516407931382094
1034,1.012645265307092,-0.03738212685511319,3.2484206646028126
1035,1.0128022336917566,-0.03520906463057534,3.2452046166183868
1036,1.0129496232994624,-0.03303503387866821,3.2419926066592524
1037,1.0130874210716254,-0.03086142129063758,3.238784590209788
1038,1.0132156201033053,-0.028689603124176156,3.235580520909304
1039,1.013334219611292,-0.0265209443192666,3.232380350699758
1040,1.013443224898079,-0.024356797625632465,3.2291840299758694
1041,1.0135426473117657,-0.02219850274261154,3.2259915077371684
1042,1.0136325042019292,-0.020047385472250885,3.222802731741538
1043,1.0137128188715143,-0.017904756886407153,3.219617648659793
1044,1.0137836205247932,-0.01577191250861787,3.2164362042308388
1045,1.0138449442114503,-0.013650131511490912,3.2132583434169804
1046,1.0138968307668494,-0.011540675930338988,3.210084010558922
1047,1.0139393267485473,-0.009444789893765267,3.2069131495300396
1048,1.0139724843691178,-0.007363698871883484,3.2037457038894885
1049,1.013996361425358,-0.005298608942832803,3.200581617033735
1050,1.0140110212239448,-0.0032507060782230373,3.1974208323461
1051,1.0140165325036226,-0.0012211554481207682,3.1942632933439317
1052,1.0140129693539948,0.0007888992538398892,3.191108943823007
1053,1.0140004111310073,0.0027783364646644577,3.1879577279988105
1054,1.0139789423692018,0.004746057384994653,3.1848095906443254
1055,1.0139486526908301,0.006690986590393683,3.1816644772240057
1056,1.0139096367119174,0.008612072620448956,3.1785223340236053
1057,1.0138619939453664,0.010508288545251302,3.175383108275561
1058,1.013805828701197,0.012378632508839311,3.172246748279645
1059,1.0137412499840175,0.014222128249228949,3.1691132035186165
1060,1.0136683713878247,0.016037825594679266,3.165982424768634
1061,1.0135873109882358,0.017824800935876788,3.1628543642041884
1062,1.0134981912322512,0.019582157673752723,3.159728975497359
1063,1.0134011388256519,0.021309026642679318,3.1566062139112057
1064,1.0132962846181395,0.023004566508823068,3.153486036387124
1065,1.0131837634863208,0.024667964143465296,3.1503684016260296
1066,1.0130637142146472,0.026298434971132028,3.1472532701632403
1067,1.0129362793744165,0.027895223292407238,3.1441406044369544
1068,1.0128016052009463,0.0294576025813352,3.1410303688502514
1069,1.012659841469029,0.030984875757349338,3.137922529826543
1070,1.0125111413667802,0.03247637543169595,3.1348170558584485
1071,1.0123556613679887,0.03393146412835246,3.1317139175500626
1072,1.0121935611030835,0.035349534479469875,3.1286130876526275
1073,1.0120250032288254,0.03673000939539955,3.125514541093626
1074,1.011850153296839,0.03807234220939367,3.1224182549993316
1075,1.0116691796210933,0.03937601679709802,3.119324208710886
1076,1.0114822531444443,0.0406405476709838,3.1162323837939705
1077,1.0112895473043497,0.041865480049893045,3.1131427640421685
1078,1.0110912378978685,0.04305038990389908,3.110055335474138
1079,1.0108875029460518,0.04419488397471017,3.106970086324714
1080,1.0106785225578399,0.045298599771869175,3.103887007030087
1081,1.0104644787935684,0.04636120554502777,3.1008060902072168
1082,1.0102455555281968,0.047382400232596544,3.0977273306276505
1083,1.0100219383143625,0.04836191338709621,3.0946507251859368
1084,1.0097938142453675,0.049299505077556455,3.0915762728628224
1085,1.0095613718182037,0.050194965769330545,3.0885039746834497
1086,1.0093248007967184,0.05104811618171381,3.085433833670766
1087,1.0090842920750225,0.0518588071237733,3.0823658547943755
1088,1.0088400375412434,0.052626919308814225,3.079300044915076
1089,1.0085922299417194,0.05335236314792596,3.0762364127253106
1090,1.008341062745735,0.05403507852306647,3.073174968685797
1091,1.0080867300108924,0.05467503454015932,3.0701157249585873
1092,1.0078294262492136,0.055272229262691784,3.0670586953368133
1093,1.0075693462940627,0.0558266894263153,3.064003895171391
1094,1.0073066851679844,0.056338470134961696,3.060951341294944
1095,1.0070416379515412,0.05680765453900004,3.057901051943223
1096,1.0067743996532394,0.057234353495968664,3.0548530466742805
1097,1.0065051650806272,0.057618705214426,3.051807346285685
1098,1.006234128712647,0.05796087488147191,3.0487639727300366
1099,1.0059614845733234,0.058261054274498486,3.045722949029052
1100,1.0056874261068627,0.058519461357734726,3.0426842991864946
1101,1.0054121460542418,0.05873633986415539,3.0396480481002066
1102,1.0051358363313598,0.05891195886332764,3.0366142214735
1103,1.0048586879088217,0.059046612315773024,3.0335828457261766
1104,1.0045808906934262,0.05914061861442397,3.0305539479054127
1105,1.0043026334114218,0.05919432011375592,3.0275275555967656
1106,1.0040241034935975,0.059208082647176453,3.0245036968355374
1107,1.0037454869622688,0.05918229503325243,3.0214824000187277
1108,1.0034669683202189,0.05911736857135537,3.018463693817804
1109,1.0031887304416531,0.05901373652730284,3.0154476070925096
1110,1.0029109544652213,0.05887185360957158,3.0124341688059144
1111,1.00263381968916,0.058692195436654174,3.0094234079409157
1112,1.0023575034686054,0.058475257996127336,3.00641535341838
1113,1.002082181115125,0.058221557095994796,3.003410034017109
1114,1.001808025798513,0.05793162780886272,3.000407478295809
1115,1.001535208450892,0.05760602390949931,2.9974077145172244
1116,1.0012638976731643,0.057245317306323706,2.994410770574592
1117,1.0009942596438475,0.05685009746736239,2.9914166739205643
1118,1.0007264580303334,0.05642097084120316,2.9884254514987343
1119,1.000460653902604,0.055958560273469286,2.985437129677886
1120,1.0001970056494336,0.05546350441932748,2.9824517341890924
1121,0.9999356688971098,0.05493645715253433,2.979469290065758
1122,0.9996767964306982,0.054378086971516734,2.976489821586702
1123,0.9994205381178759,0.053789076402972084,2.9735133522223722
1124,0.9991670408353581,0.05317012140346394,2.9705399045842524
1125,0.9989164483979367,0.05252193075947856,2.9675695003775413
1126,0.9986689014901501,0.05184522548639745,2.964602160357141
1127,0.9984245376006008,0.05114073822682994,2.961637904287014
1128,0.9981834909589352,0.050409212648739106,2.958676750902928
1129,0.9979458924754976,0.04965140284378332,2.9557187178786286
1130,0.9977118696836689,0.04886807272628428,2.9527638217954393
1131,0.9974815466848993,0.048059995433221175,2.949812078115306
1132,0.9972550440964406,0.04722795272563933,2.9468635011572784
1133,0.9970324790017835,0.046372734391850065,2.9439181040774165
1134,0.9968139649038021,0.04549513765278713,2.9409758988521015
1135,0.9965996116806086,0.044595966569873656,2.938036896264725
1136,0.9963895255441149,0.0436760314557421,2.9351011058957175
1137,0.9961838090013013,0.04273614828813817,2.9321685361158747
1138,0.9959825608181879,0.0417771381273287,2.9292391940829265
1139,0.9957858759865017,0.04079982653732191,2.926313085741296
1140,0.9955938456930342,0.03980504301119758,2.923390215824977
1141,0.9954065572916807,0.03879362040083368,2.920470587863467
1142,0.9952240942781498,0.0377663943513051,2.9175542041906697
1143,0.995046536267334,0.03672420274021959,2.9146410659566886
1144,0.9948739589733256,0.035667885122245495,2.911731173142427
1145,0.9947064341920674,0.03459828217907545,2.9088245245768936
1146,0.9945440297866184,0.033516235175060534,2.9059211179571203
1147,0.9943868096750218,0.03242258541873905,2.903020949870592
1148,0.9942348338207544,0.031318173730474845,2.9001240158200785
1149,0.9940881582257395,0.03020383991641059,2.8972303102507593
1150,0.9939468349259024,0.0290804222489323,2.894339826579533
1151,0.9938109119892481,0.02794875695383254,2.8914525572263874
1152,0.9936804335164366,0.026809677704351245,2.8885684936477234
1153,0.9935554396438346,0.025664015122264624,2.8856876263714977
1154,0.9934359665490172,0.02451259628618465,2.882809945034075
1155,0.993322046458695,0.023356244247223944,2.8799354384186584
1156,0.9932137076590395,0.022195777552173248,2.877064094495174
1157,0.9931109745083802,0.021032009774331454,2.8741959004614834
1158,0.9930138674522441,0.019865749052121552,2.871330842785797
1159,0.9929224030407096,0.018697797635618758,2.868468907250161
1160,0.992836593948044,0.017528951441111135,2.8656100789948886
1161,0.9927564489945944,0.01635999961380681,2.8627543425638144
1162,0.9926819731708998,0.015191724098795972,2.859901681950233
1163,0.992613167663994,0.014024899220370533,2.857052080643408
1164,0.9925500298858643,0.012860291269799047,2.8542055216755204
1165,0.9924925535040334,0.011698658101649398,2.851361987668932
1166,0.9924407284742314,0.010540748738747092,2.8485214608836413
1167,0.9923945410751199,0.00938730298585267,2.8456839232648177
1168,0.9923539739450375,0.008239051052137257,2.842849356490282
1169,0.9923190061207258,0.007096713182531601,2.840017742017832
1170,0.9922896130780023,0.005960999298019979,2.8371890611322876
1171,0.9922657667743429,0.004832608644946839,2.834363294992149
1172,0.9922474356933344,0.0037122294534008516,2.831540424675758
1173,0.9922345848909616,0.002600538604737841,2.8287204312268575
1174,0.9922271760436876,0.001498201308301106,2.825903295699444
1175,0.9922251674982896,0.00040587078739499037,2.823088999201817
1176,0.9922285143234109,-0.0006758120254351106,2.820277522939731
1177,0.9922371683627874,-0.0017462187837654819,2.817468848258548
1178,0.99225107829011,-0.0028047340132509556,2.814662956684315
1179,0.9922701896654796,-0.003850755388129629,2.811859829963676
1180,0.992294444993416,-0.004883693998230924,2.8090594501025357
1181,0.9923237837823758,-0.005902974606444583,2.8062617994034005
1182,0.9923581426057402,-0.006908035896609895,2.803466860501331
1183,0.9923974551642268,-0.007898330711786165,2.800674616398425
1184,0.9924416523496858,-0.008873326282867166,2.7978850504967836
1185,0.9924906623102334,-0.009832504447503816,2.795098146629885
1186,0.992544410516682,-0.010775361859300954,2.792313889092328
1187,0.9926028198302208,-0.011701410187255453,2.7895322626678825
1188,0.9926658105713032,-0.012610176305404525,2.7867532526558123
1189,0.9927333005896959,-0.013501202472654544,2.7839768448954225
1190,0.9928052053356438,-0.01437404650276203,2.7812030257887996
1191,0.9928814379321066,-0.015228281924440156,2.7784317823217153
1192,0.9929619092480194,-0.016063498131565445,2.7756631020826643
1193,0.9930465279725325,-0.016879300523461004,2.7728969732800195
1194,0.9931352006901822,-0.017675310635234184,2.7701333847572855
1195,0.9932278319569481,-0.01845116625814825,2.7673723260064387
1196,0.993324324377146,-0.01920652155000933,2.7646137871793526
1197,0.9934245786811133,-0.019941047135551778,2.7618577590972992
1198,0.9935284938036352,-0.020654430196806912,2.759104233258534
1199,0.9936359669630654,-0.02134637455344215,2.7563532018439716
1200,0.9937468937410935,-0.022016600733059666,2.753604657720966
1201,0.993861168163108,-0.02266484603144589,2.7508585944452038
1202,0.9939786827791091,-0.023290864562765495,2.7481150062607447
1203,0.9940993287451192,-0.023894427299696094,2.745373888098222
1204,0.9942229959050437,-0.024475322103502405,2.742635235571242
1205,0.9943495728729311,-0.02503335374405144,2.7398990449710108
1206,0.9944789471155838,-0.02556834390977325,2.7371653132592275
1207,0.9946110050354681,-0.026080131207574637,2.734434038059288
1208,0.9947456320538738,-0.02656857115271678,2.731705217645844
1209,0.9948827126942738,-0.0270335361486709,2.7289788509327613
1210,0.995022130665831,-0.027474915456969746,2.7262549374595406
1211,0.9951637689470043,-0.0278926151570764,2.7235334773762445
1212,0.9953075098692002,-0.028286558096295843,2.7208144714270017
1213,0.9954532352004214,-0.028656683829758816,2.718097920932142
1214,0.9956008262288594,-0.029002948550511807,2.715383827769031
1215,0.9957501638463816,-0.029325325009751314,2.712672194351674
1216,0.9959011286318606,-0.029623802427245324,2.709963023609152
1217,0.9960536009342953,-0.029898386391989645,2.7072563189629744
1218,0.996207460955671,-0.030149098753151634,2.70455208430341
1219,0.9963625888335107,-0.03037597750135921,2.7018503239648832
1220,0.9965188647230625,-0.030579076640398026,2.699151042700506
1221,0.9966761688790752,-0.03075846604938544,2.6964542456558314
1222,0.9968343817371097,-0.030914231335495305,2.6937599383419055
1223,0.9969933839943362,-0.031046473677313488,2.6910681266077017
1224,0.9971530566897661,-0.031155309658909874,2.688378816612018
1225,0.9973132812838683,-0.031240871094718677,2.685692014794925
1226,0.9974739397375213,-0.03130330484532508,2.68300772784884
1227,0.9976349145902483,-0.03134277262426237,2.680325962689324
1228,0.9977960890376897,-0.03135945079593042,2.677646726425673
1229,0.9979573470082599,-0.03135353016475249,2.6749700263313922
1230,0.9981185732389428,-0.03132521575569429,2.6722958698146364
1231,0.9982796533501765,-0.03127472658627575,2.6696242643887014
1232,0.9984404739197786,-0.031202295430212593,2.666955217642639
1233,0.9986009225558662,-0.0311081685728318,2.664288737212087
1234,0.9987608879687228,-0.030992605558411906,2.661624830750383
1235,0.9989202600415664,-0.030855878929605767,2.6589635059000467
1236,0.9990789299001733,-0.030698273959110536,2.6563047702647005
1237,0.9992367899813118,-0.03052008837375648,2.6536486313815053
1238,0.9993937340999424,-0.0303216320711931,2.6509950966941798
1239,0.9995496575151414,-0.030103226829358044,2.648344173526677
1240,0.9997044569947041,-0.029865206008921005,2.6456958690575756
1241,0.9998580308783866,-0.029607914248901843,2.643050190295262
1242,1.0000102791397447,-0.02933170715566871,2.64040714405395
1243,1.0001611034465308,-0.02903695098552876,2.637766736930606
1244,1.0003104072196076,-0.028724022321130603,2.63512897528283
1245,1.000458095690344,-0.028393307741904156,2.632493865207744
1246,1.0006040759564518,-0.028045203488769953,2.6298614125219344
1247,1.0007482570362318,-0.027680115123356067,2.6272316227424968
1248,1.00089054992119,-0.027298457181967002,2.6246045010692183
1249,1.001030867626993,-0.026900652824554956,2.6219800523679377
1250,1.0011691252427306,-0.02648713347894935,2.6193582811551135
1251,1.0013052399784514,-0.026058338480606194,2.616739191583633
1252,1.0014391312109443,-0.025614714708144255,2.6141227874298845
1253,1.0015707205277353,-0.02515671621494003,2.611509072082114
1254,1.0016999317692734,-0.02468480385705854,2.6088980485300843
1255,1.0018266910692792,-0.024199444917801537,2.6062897193560515
1256,1.001950926893232,-0.02370111272915897,2.603684086727062
1257,1.0020725700749706,-0.02319028629045398,2.6010811523885824
1258,1.0021915538513895,-0.02266744988447544,2.5984809176594585
1259,1.0023078138952062,-0.022133092691395195,2.5958833834282027
1260,1.0024212883457848,-0.0215877084007712,2.5932885501506
1261,1.0025319178379966,-0.02103179482193988,2.5906964178486276
1262,1.0026396455291018,-0.020465853493104105,2.588106986110667
1263,1.0027444171236406,-0.019890389289425336,2.5855202540929962
1264,1.0028461808963192,-0.01930591003043044,2.582936220522533
1265,1.0029448877128813,-0.018712926087045174,2.580354883700811
1266,1.0030404910489557,-0.018111949988567654,2.5777762415091603
1267,1.0031329470068726,-0.01750349602989597,2.575200291415048
1268,1.0032222143304428,-0.016888079879324638,2.57262703047956
1269,1.0033082544176959,-0.016266218187224606,2.570056455365977
1270,1.0033910313315761,-0.01563842819592152,2.567488562349402
1271,1.0034705118085927,-0.015005227351085962,2.564923347327399
1272,1.0035466652654292,-0.014367132914948861,2.5623608058315965
1273,1.0036194638035119,-0.013724661581653459,2.559800933040206
1274,1.003688882211543,-0.013078329095053685,2.5572437237914043
1275,1.003754897966005,-0.012428649869266624,2.554689172597525
1276,1.0038174912296427,-0.011776136612284266,2.552137273660009
1277,1.0038766448479355,-0.01112129995294674,2.5495880208850545
1278,1.0039323443435666,-0.01046464807157602,2.5470414078999077
1279,1.0039845779089072,-0.00980668633456561,2.5444974280697363
1280,1.0040333363965261,-0.009147916933217367,2.541956074515028
1281,1.0040786133077446,-0.008488838527112583,2.5394173401294484
1282,1.0041204047792498,-0.00782994589229956,2.5368812175981037
1283,1.0041587095677917,-0.007171729574574962,2.534347699416137
1284,1.0041935290329804,-0.006514675548130604,2.5318167779076037
1285,1.0042248671182075,-0.005859264879831929,2.5292884452445636
1286,1.0042527303297173,-0.005205973399388103,2.5267626934663228
1287,1.0042771277138516,-0.004555271375667305,2.5242395144987673
1288,1.0042980708324956,-0.003907623199404254,2.5217189001737284
1289,1.004315573736754,-0.003263487072539998,2.5192008422483183
1290,1.0043296529388874,-0.0026233147044266584,2.5166853324241774
1291,1.0043403273825398,-0.001987551015122276,2.5141723623665726
1292,1.0043476184112896,-0.0013566338459934301,2.5116619237232958
1293,1.00435154973556,-0.00073099367783478,2.5091540081433026
1294,1.0043521473979216,-0.00011105335670699083,2.5066486072950376
1295,1.0043494397368253,0.0005027721723145412,2.5041457128843994
1296,1.0043434573488037,0.0011100761232957783,2.5016453166722887
1297,1.004334233049177,0.0017104601193300964,2.4991474104917004
1298,1.004321801831307,0.0023035344339878854,2.496651986264302
1299,1.0043062008244386,0.0028889182241727896,2.4941590360164705
1300,1.0042874692501695,0.0034662397542370906,2.4916685518947315
1301,1.0042656483775936,0.004035136611217842,2.489180526180574
1302,1.0042407814771594,0.004595255911065233,2.4866949513046004
1303,1.0042129137732914,0.005146254495744305,2.4842118198599765
1304,1.0041820923958154,0.00568779912110069,2.481731124615157
1305,1.0041483663302397,0.006219566635390979,2.4792528585258538
1306,1.0041117863669344,0.006741244148388439,2.4767770147462236
1307,1.0040724050492584,0.007252529190984106,2.4743035866392584
1308,1.0040302766206837,0.007753129865213696,2.47183256778635
1309,1.003985456970963,0.008242764984650678,2.469363951996022
1310,1.0039380035813932,0.008721164205115296,2.4668977333118103
1311,1.0038879754692216,0.009188068145659837,2.4644339060192872
1312,1.0038354331312476,0.009643228499799773,2.4619724646522143
1313,1.003780438486668,0.010086408136970435,2.4595134039978275
1314,1.00372305481922,0.010517381194198518,2.4570567191012493
1315,1.0036633467186695,0.01093593315798739,2.45460240526903
1316,1.0036013800216992,0.011341860936424645,2.4521504580718183
1317,1.0035372217522451,0.011734972921529755,2.449700873346178
1318,1.0034709400613362,0.012115089041869092,2.4472536471955464
1319,1.0034026041664856,0.012482040805474548,2.4448087759903596
1320,1.0033322842906878,0.01283567133311117,2.442366256367348
1321,1.003260051601071,0.013175835381948057,2.4399260852280267
1322,1.0031859781472585,0.013502399359695284,2.4374882597363947
1323,1.0031101367994886,0.013815241329278399,2.4350527773158683
1324,1.0030326011865442,0.01411425100413013,2.4326196356454655
1325,1.0029534456335456,0.014399329734187154,2.4301888326552747
1326,1.0028727450996526,0.014670390482687742,2.427760366521229
1327,1.002790575115731,0.014927357793873674,2.4253342356592142
1328,1.0027070117220294,0.015170167751707396,2.4229104387185454
1329,1.0026221314059185,0.01539876792972251,2.42048897457484
1330,1.0025360110397408,0.01561311733213303,2.418069842322323
1331,1.0024487278188197,0.015813186326333047,2.4156530412655943
1332,1.002360359199675,0.01599895656692567,2.413238570910899
1333,1.0022709828384941,0.016170420911425714,2.4108264309569343
1334,1.0021806765299028,0.016327583327787117,2.408416621285226
1335,1.0020895181460863,0.016470458793911524,2.4060091419501215
1336,1.0019975855763006,0.016599073189300362,2.4036039931684314
1337,1.0019049566668239,0.01671346317901739,2.401201175308753
1338,1.0018117091613887,0.01681367609013426,2.3988006888805313
1339,1.0017179206421394,0.01689976978083603,2.3964025345228763
1340,1.0016236684711577,0.016971812502368,2.3940067129931912
1341,1.0015290297325967,0.01702988275400972,2.3916132251556435
1342,1.001434081175466,0.017074069131265378,2.3892220719695185
1343,1.001338899157106,0.017104470167464105,2.3868332544774944
1344,1.0012435595873903,0.017121194168966545,2.3844467737938757
1345,1.001148137873697,0.01712435904417751,2.3820626310928246
1346,1.0010527088666823,0.01711409212656712,2.3796808275966237
1347,1.000957346806894,0.017090529991905863,2.3773013645640098
1348,1.0008621252722611,0.017053818269920765,2.3749242432786093
1349,1.0007671171264931,0.017004111450582428,2.3725494650375145
1350,1.0006723944684193,0.016941572685234545,2.3701770311400274
1351,1.0005780285823045,0.016866373582778652,2.3678069428766104
1352,1.0004840898891691,0.016778694001128802,2.365439201518066
1353,1.0003906478991447,0.016678721834151523,2.3630738083049825
1354,1.0002977711648926,0.016566652794307767,2.360710764437468
1355,1.0002055272361157,0.016442690191213805,2.358350071065204
1356,1.0001139826151864,0.016307044706338827,2.3559917292778385
1357,1.0000232027139202,0.016159934164056963,2.353635740095746
1358,0.9999332518115162,0.016001583299271847,2.351282104461176
1359,0.9998441930136889,0.015832223521831265,2.348930823229808
1360,0.999756088213014,0.015652092677949515,2.3465818971627326
1361,0.9996689980505079,0.015461434808854082,2.344235326918878
1362,0.9995829818784622,0.01526049990687303,2.3418911130478963
1363,0.99949809772455,0.015049543669178196,2.339549255983519
1364,0.9994144022572241,0.014828827249398427,2.3372097560374003
1365,0.9993319507524207,0.0145986170073158,2.334872613393454
1366,0.9992507970615858,0.014359184256856417,2.3325378281026947
1367,0.9991709935810389,0.014110805012585709,2.330205400078588
1368,0.9990925912226842,0.013853759734916819,2.3278753290929166
1369,0.9990156393860846,0.013588333074238377,2.3255476147721676
1370,0.9989401859319067,0.013314813614166414,2.3232222565944367
1371,0.998866277156748,0.01303349361412293,2.3208992538868545
1372,0.9987939577693542,0.012744668751441474,2.318578605823536
1373,0.9987232708682334,0.012448637863197783,2.3162603114240397
1374,0.9986542579206754,0.012145702687961184,2.313944369552346
1375,0.9985869587431788,0.011836167607659969,2.311630778916335
1376,0.9985214114832924,0.011520339389751286,2.3093195380677702
1377,0.9984576526028723,0.011198526929883483,2.3070106454027637
1378,0.9983957168627576,0.01087104099523615,2.3047040991627283
1379,0.998335637308865,0.010538193968720095,2.3023998974357944
1380,0.9982774452597032,0.010200299594216785,2.300098038158682
1381,0.9982211702953047,0.009857672723033726,2.2977985191190164
1382,0.998166840247574,0.009510629061749208,2.2955013379580707
1383,0.9981144811920482,0.009159484921616876,2.2932064921739164
1384,0.998064117441066,0.008804556969697314,2.2909139791249724
1385,0.9980157715383413,0.008446161981880739,2.288623796033926
1386,0.9979694642549322,0.008084616597961763,2.2863359399920156
1387,0.9979252145866019,0.007720237078923685,2.2840504079636466
1388,0.9978830397525614,0.007353339066586784,2.28176719679133
1389,0.9978429551955854,0.006984237345771508,2.2794863032009167
1390,0.9978049745834917,0.006613245609124277,2.277207723807105
1391,0.9977691098119734,0.006240676224750182,2.2749314551192086
1392,0.9977353710087726,0.005866840006793382,2.272657493547148
1393,0.9977037665391822,0.005492045989102808,2.2703858354076623
1394,0.9976743030128634,0.005116601202117107,2.268116476930697
1395,0.9976469852919642,0.004740810453099419,2.2658494142659653
1396,0.9976218165005241,0.004364976109849212,2.2635846434896423
1397,0.9975987980351492,0.003989397888014735,2.261322160611183
1398,0.997577929576941,0.0036143726421263285,2.2590619615802328
1399,0.9975592091046618,0.0032401941604672845,2.2568040422936098
1400,0.9975426329091178,0.0028671529638954396,2.2545483986023362
1401,0.997528195608743,0.002495536108725234,2.252295026318697
1402,0.9975158901663612,0.002125626993776405,2.2500439212233014
1403,0.9975057079071095,0.0017577051716920677,2.247795079072129
1404,0.9974976385374988,0.0013920461646252538,2.245548495603533
1405,0.9974916701655934,0.001028921284389704,2.2433041665451894
1406,0.9974877893222829,0.000668597457167026,2.2410620876209566
1407,0.9974859809836285,0.00031133705285880703,2.2388222545576433
1408,0.9974862285942561,-4.260228083115009e-05,2.23658466309165
1409,0.9974885140917743,-0.00039296777950285965,2.234349308975474
1410,0.9974928179321925,-0.0007395117182764327,2.2321161879840576
1411,0.997499119116312,-0.001081991563043982,2.2298852959209636
1412,0.9975073952170673,-0.0014201701166862203,2.2276566286243584
1413,0.997517622407789,-0.0017538156601861954,2.2254301819727904
1414,0.9975297754913618,-0.0020827020885762306,2.2232059518907485
1415,0.9975438279302514,-0.0024066090416576115,2.2209839343539857
1416,0.9975597518773716,-0.002725322029436243,2.218764125394596
1417,0.9975775182077631,-0.0030386325522208284,2.216546521105833
1418,0.9975970965510568,-0.0033463382153338683,2.2143311176466547
1419,0.9976184553246907,-0.0036482428383892334,2.2121179112459974
1420,0.9976415617678527,-0.00394415655909363,2.2099068982067505
1421,0.9976663819761178,-0.004233895931532923,2.2076980749094433
1422,0.997692880936751,-0.004517284018907708,2.2054914378156236
1423,0.9977210225646447,-0.004794150480686307,2.203286983470928
1424,0.9977507697388596,-0.005064331654146756,2.2010847085078415
1425,0.9977820843397384,-0.005327670630283092,2.198884609648135
1426,0.9978149272865611,-0.00558401732405478,2.1966866837049857
1427,0.9978492585757094,-0.005833228538961725,2.194490927584775
1428,0.9978850373193093,-0.006075168025931057,2.192297338288563
1429,0.9979222217843194,-0.0063097065365053185,2.1901059129132423
1430,0.9979607694320323,-0.006536721870325454,2.1879166486523705
1431,0.9980006369579575,-0.006756098916905689,2.1857295427966843
1432,0.9980417803320526,-0.006967729691700823,2.183544592734298
1433,0.9980841548392704,-0.007171513366470425,2.1813617959505938
1434,0.9981277151203884,-0.007367356293947777,2.1791811500278038
1435,0.9981724152130893,-0.007555172026825379,2.177002652644294
1436,0.9982182085932575,-0.0077348813310722676,2.174826301573556
1437,0.9982650482164608,-0.007906412193602217,2.172652094682913
1438,0.9983128865595824,-0.008069699824315567,2.17048002993195
1439,0.9983616756625716,-0.008224686652541023,2.168310105370679
1440,0.9984113671702792,-0.008371322317907591,2.166142319137442
1441,0.9984619123743452,-0.008509563655680374,2.163976669456576
1442,0.9985132622551058,-0.00863937467659777,2.1618131546358335
1443,0.9985653675234876,-0.008760726541251136,2.1596517730635885
1444,0.9986181786628543,-0.008873597529051763,2.157492523205825
1445,0.9986716459707768,-0.008977973001833723,2.155335403602933
1446,0.9987257196006907,-0.009073845362144567,2.1531804128663166
1447,0.9987803496034113,-0.009161214006279804,2.151027549674833
1448,0.9988354859684743,-0.00924008527212048,2.1488768127710745
1449,0.9988910786652684,-0.009310472381836899,2.1467282009575106
1450,0.998947077683931,-0.009372395379525033,2.1445817130924976
1451,0.9990034330759738,-0.009425881063845832,2.142437348086181
1452,0.9990600949946087,-0.009470962915741071,2.140295104896297
1453,0.9991170137347419,-0.00950768102130293,2.1381549825238952
1454,0.9991741397726085,-0.00953608198987799,2.13601698000899
1455,0.9992314238050147,-0.009556218867489726,2.1338810964261623
1456,0.9992888167881614,-0.009568151045666924,2.1317473308801254
1457,0.9993462699760166,-0.009571944165768915,2.1296156825012664
1458,0.9994037349582116,-0.009567670018901733,2.127486150441184
1459,0.99946116369743,-0.009555406441522566,2.1253587338682336
1460,0.9995185085662638,-0.00953523720683306,2.123233431963091
1461,0.9995757223835083,-0.009507251912065227,2.1211102439143588
1462,0.9996327584498695,-0.009471545861766646,2.118989168914221
1463,0.9996895705830583,-0.009428219947194847,2.116870206154159
1464,0.9997461131522452,-0.00937738052193351,2.1147533548207513
1465,0.9998023411118517,-0.009319139273846097,2.1126386140915567
1466,0.9998582100346532,-0.00925361309348524,2.110525983131105
1467,0.9999136761441697,-0.009180923939079,2.1084154610869983
1468,0.9999686963463219,-0.009101198698217593,2.1063070470861414
1469,1.00002322826033,-0.00901456904636682,2.1042007402311036
1470,1.0000772302488339,-0.008921171302336809,2.102096539596631
1471,1.0001306614472119,-0.008821146280837019,2.0999944442263105
1472,1.0001834817920814,-0.00871463914225067,2.0978944531294017
1473,1.0002356520489586,-0.008601799239763898,2.0957965652778374
1474,1.00028713383906,-0.008482779963987011,2.0937007796034064
1475,1.0003378896652275,-0.00835773858520689,2.091607094995122
1476,1.00038788293696,-0.00822683609341171,2.0895155102967835
1477,1.0004370779945346,-0.00809023703623061,2.0874260243047322
1478,1.0004854401322032,-0.007948109354932367,2.0853386357658144
1479,1.0005329356204473,-0.007800624218628939,2.0832533433755467
1480,1.0005795317272803,-0.0076479558568305584,2.0811701457764924
1481,1.0006251967385804,-0.007490281390500499,2.079089041556846
1482,1.0006698999774466,-0.0073277806617588065,2.077010029249236
1483,1.0007136118225612,-0.007160636062384639,2.0749331073297346
1484,1.0007563037255534,-0.00698903236126816,2.072858274217086
1485,1.0007979482273504,-0.0068131565309633236,2.070785528272145
1486,1.0008385189735103,-0.006633197573493158,2.0687148677975293
1487,1.000877990728527,-0.006449346345559907,2.0666462910374785
1488,1.0009163393891019,-0.006261795383312152,2.064579796177921
1489,1.0009535419963747,-0.006070738726821286,2.0625153813467465
1490,1.0009895767471102,-0.005876371744419589,2.0604530446142735
1491,1.001024423003836,-0.005678890957051743,2.058392783993914
1492,1.0010580613039282,-0.005478493862791455,2.0563345974430267
1493,1.0010904733676418,-0.005275378761673904,2.0542784828639546
1494,1.0011216421050873,-0.005069744580994496,2.0522244381052364
1495,1.0011515516221496,-0.0048617907012232,2.050172460962991
1496,1.0011801872253538,-0.004651716782682732,2.048122549182465
1497,1.0012075354256742,-0.004439722593137871,2.0460747004597297
1498,1.0012335839412945,-0.004226007836441869,2.0440289124435322
1499,1.0012583216993187,-0.004010771982384127,2.041985182737278
